id,price,currency,rooms,area,location,city,price_per_m2
6431979,257499,AZN,1,56.1,Nardaran,Bakı,4590.0
6439440,85000,AZN,3,100.0,Abşeron,Bakı,850.0
6443448,255000,AZN,3,80.0,Yasamal,Bakı,3187.5
6418708,365000,AZN,4,142.0,Qara Qarayev,Bakı,2570.42
3466697,909500,AZN,5,267.5,Nizami,Bakı,3400.0
6386543,735000,AZN,4,160.0,Nizami,Bakı,4593.75
5044313,456000,AZN,2,114.0,Nizami,Bakı,4000.0
5047008,783360,AZN,4,230.4,Nizami,Bakı,3400.0
5047084,909500,AZN,5,267.5,Nəsimi,Bakı,3400.0
5786668,416000,AZN,2,104.0,Nizami,Bakı,4000.0
6472459,114000,AZN,3,80.0,Masazır,Bakı,1425.0
5555449,449616,AZN,2,82.7,Sea Breeze,Bakı,5436.71
5786592,348000,AZN,2,87.0,Nizami,Bakı,4000.0
5047211,592960,AZN,3,174.4,Nizami,Bakı,3400.0
6458467,260000,AZN,4,135.0,Xocəsən,Bakı,1925.93
4078471,606060,AZN,4,163.8,Nizami,Bakı,3700.0
6382259,383775,AZN,2,90.3,Nardaran,Bakı,4250.0
6462931,199000,AZN,3,107.0,Zığ,Bakı,1859.81
6321462,342000,AZN,3,148.0,Həzi Aslanov,Bakı,2310.81
6480014,148000,AZN,2,55.0,20 Yanvar,Bakı,2690.91
6457552,270000,AZN,1,46.0,Nardaran,Bakı,5869.57
6473124,115000,AZN,1,44.0,Sea Breeze,Bakı,2613.64
6473127,170000,AZN,2,65.0,Sea Breeze,Bakı,2615.38
6473129,120000,AZN,1,44.0,Sea Breeze,Bakı,2727.27
6473131,91000,AZN,1,38.0,Sea Breeze,Bakı,2394.74
5863380,395148,AZN,2,89.4,Nardaran,Bakı,4420.0
5863392,454580,AZN,3,95.5,Nardaran,Bakı,4760.0
6184625,690000,AZN,4,210.0,İçəri Şəhər,Bakı,3285.71
6346834,385000,AZN,3,116.0,28 May,Bakı,3318.97
6477040,68000,AZN,3,110.0,Dübəndi,Bakı,618.18
6459403,170000,AZN,2,65.6,20 Yanvar,Bakı,2591.46
5647358,395000,AZN,3,140.0,Nəriman Nərimanov,Bakı,2821.43
6347322,570000,AZN,4,210.0,Nəsimi,Bakı,2714.29
6480790,199000,AZN,3,80.0,Həzi Aslanov,Bakı,2487.5
6352409,350000,AZN,6,390.0,Pirşağı,Bakı,897.44
6438598,255000,AZN,2,65.0,Dərnəgül,Bakı,3923.08
6447846,650000,AZN,4,195.0,28 May,Bakı,3333.33
6385382,195000,AZN,3,70.0,Memar Əcəmi,Bakı,2785.71
6458089,239000,AZN,3,90.0,Əhmədli,Bakı,2655.56
6384520,163000,AZN,2,58.0,Memar Əcəmi,Bakı,2810.34
6400993,210000,AZN,10,600.0,Novxanı,Bakı,350.0
6329692,105000,AZN,3,82.0,Binə,Bakı,1280.49
6473339,178000,AZN,3,76.0,Yeni Günəşli,Bakı,2342.11
6379586,115000,AZN,2,50.0,Həzi Aslanov,Bakı,2300.0
6336682,325000,AZN,3,100.0,Şah İsmayıl Xətai,Bakı,3250.0
6419742,494784,AZN,4,154.6,Badamdar,Bakı,3200.41
6471657,188000,AZN,5,150.0,Bakıxanov,Bakı,1253.33
6480660,450000,AZN,2,100.0,Nəriman Nərimanov,Bakı,4500.0
6419736,332134,AZN,2,107.4,Badamdar,Bakı,3092.5
6467295,435000,AZN,4,190.0,Nəsimi,Bakı,2289.47
6020217,495000,AZN,3,93.0,Sea Breeze,Bakı,5322.58
6476374,187000,AZN,3,80.0,Bakıxanov,Bakı,2337.5
6401072,1750000,AZN,7,600.0,Şıxov,Bakı,2916.67
5979204,690000,AZN,6,230.0,Buzovna,Bakı,3000.0
6411794,565000,AZN,3,120.0,Nizami,Bakı,4708.33
6279253,499000,AZN,3,200.0,Mərdəkan,Bakı,2495.0
6422602,650000,AZN,3,400.0,Nəriman Nərimanov,Bakı,1625.0
6365591,458000,AZN,3,117.0,Gənclik,Bakı,3914.53
6224089,131800,AZN,2,44.0,Əhmədli,Bakı,2995.45
6479654,145000,AZN,3,55.0,Həzi Aslanov,Bakı,2636.36
6474700,695000,AZN,4,152.0,Nəsimi,Bakı,4572.37
6419656,410000,AZN,3,152.0,Badamdar,Bakı,2697.37
6394866,159558,AZN,1,58.0,Yeni Yasamal,Bakı,2751.0
6394910,204120,AZN,2,81.0,Yeni Yasamal,Bakı,2520.0
6342611,278999,AZN,2,80.0,8 Noyabr,Bakı,3487.49
6395050,292404,AZN,3,118.0,Yeni Yasamal,Bakı,2478.0
6395144,321930,AZN,4,146.0,Yeni Yasamal,Bakı,2205.0
6454101,285000,AZN,2,110.0,Nəsimi,Bakı,2590.91
6409676,79500,AZN,2,87.0,Masazır,Bakı,913.79
5902710,191000,AZN,3,95.0,Lökbatan,Bakı,2010.53
6437192,450000,AZN,2,101.0,Nəriman Nərimanov,Bakı,4455.45
6479709,138000,AZN,2,50.0,20 Yanvar,Bakı,2760.0
6458506,149000,AZN,4,120.0,Masazır,Bakı,1241.67
6357130,200000,AZN,2,65.0,Gənclik,Bakı,3076.92
6432514,239000,AZN,1,49.8,Sea Breeze,Bakı,4799.2
6375171,256000,AZN,2,72.1,7-ci mikrorayon,Bakı,3550.62
6475474,235000,AZN,3,101.0,Həzi Aslanov,Bakı,2326.73
6479533,380000,AZN,6,250.0,Bilgəh,Bakı,1520.0
6134388,227000,AZN,8,205.0,Mehdiabad,Bakı,1107.32
6479001,550000,AZN,4,170.0,Nəsimi,Bakı,3235.29
6223078,310000,AZN,3,144.0,28 May,Bakı,2152.78
6286399,224000,AZN,3,114.0,Həzi Aslanov,Bakı,1964.91
6475707,230000,AZN,4,211.6,Pirallahı,Bakı,1086.96
5566735,429000,AZN,4,173.0,Koroğlu,Bakı,2479.77
6430058,309000,AZN,5,230.0,Novxanı,Bakı,1343.48
6409683,310000,AZN,3,137.0,8-ci kilometr,Bakı,2262.77
6221698,795000,AZN,4,185.0,Elmlər Akademiyası,Bakı,4297.3
6394378,86500,AZN,2,55.0,Masazır,Bakı,1572.73
6480678,209000,AZN,4,190.0,Buzovna,Bakı,1100.0
5301180,83000,AZN,2,45.0,Masazır,Bakı,1844.44
6248502,83000,AZN,2,44.0,Masazır,Bakı,1886.36
6306555,430000,AZN,5,364.0,Şağan,Bakı,1181.32
6475320,210000,AZN,2,70.0,Yasamal,Bakı,3000.0
6478857,234500,AZN,2,75.0,İçəri Şəhər,Bakı,3126.67
6260372,149000,AZN,3,120.0,Novxanı,Bakı,1241.67
6464046,345000,AZN,3,116.0,Memar Əcəmi,Bakı,2974.14
6433422,450000,AZN,2,100.0,Nəriman Nərimanov,Bakı,4500.0
6319499,450000,AZN,2,100.0,Nəriman Nərimanov,Bakı,4500.0
6479261,400000,AZN,3,165.0,Nəriman Nərimanov,Bakı,2424.24
6473282,400000,AZN,6,315.0,Nəriman Nərimanov,Bakı,1269.84
6461236,450000,AZN,2,100.0,Nəriman Nərimanov,Bakı,4500.0
6477914,204000,AZN,2,59.0,Nəriman Nərimanov,Bakı,3457.63
6453668,365000,AZN,3,92.0,Nəsimi,Bakı,3967.39
6081441,187000,AZN,2,65.0,Əhmədli,Bakı,2876.92
6478495,118000,AZN,4,85.0,Bülbülə,Bakı,1388.24
6080561,202000,AZN,3,96.0,Həzi Aslanov,Bakı,2104.17
6479901,165000,AZN,2,70.0,Yeni Yasamal,Bakı,2357.14
6478810,285000,AZN,3,107.0,Əhmədli,Bakı,2663.55
6447067,165000,AZN,1,62.0,Həzi Aslanov,Bakı,2661.29
6476193,185000,AZN,3,83.0,Bakıxanov,Bakı,2228.92
6148675,270000,AZN,3,101.0,Nəriman Nərimanov,Bakı,2673.27
6480102,235000,AZN,4,160.0,Mərdəkan,Bakı,1468.75
6412525,143000,AZN,2,65.0,Abşeron,Xırdalan,2200.0
6477277,160000,AZN,2,114.0,28 May,Bakı,1403.51
6459503,248000,AZN,3,107.0,Həzi Aslanov,Bakı,2317.76
6386350,249000,AZN,3,103.0,Xalqlar Dostluğu,Bakı,2417.48
6478417,117500,AZN,4,90.0,Bülbülə,Bakı,1305.56
6371660,265000,AZN,2,100.0,Binəqədi,Bakı,2650.0
6446498,207000,AZN,3,95.0,Abşeron,Xırdalan,2178.95
6478405,289000,AZN,4,120.0,Nəsimi,Bakı,2408.33
6358673,215000,AZN,2,80.0,Nizami,Bakı,2687.5
6375319,295000,AZN,2,100.0,Elmlər Akademiyası,Bakı,2950.0
6406672,153000,AZN,3,70.0,Keşlə,Bakı,2185.71
6404780,139000,AZN,2,45.0,Xalqlar Dostluğu,Bakı,3088.89
6470582,132000,AZN,2,45.0,28 May,Bakı,2933.33
6445114,66300,AZN,1,40.0,Masazır,Bakı,1657.5
6192602,299000,AZN,5,400.0,Badamdar,Bakı,747.5
6404700,270000,AZN,5,89.7,İçəri Şəhər,Bakı,3010.03
6480344,950000,AZN,5,800.0,28 May,Bakı,1187.5
6467237,177000,AZN,4,260.0,Masazır,Bakı,680.77
6475106,72000,AZN,2,40.0,Yeni Günəşli,Bakı,1800.0
6472751,175000,AZN,3,65.0,Əhmədli,Bakı,2692.31
6230988,189000,AZN,3,74.0,Nəsimi,Bakı,2554.05
6274756,67500,AZN,3,110.0,Binə,Bakı,613.64
6351930,149000,AZN,2,50.0,Bayıl,Bakı,2980.0
6479417,249000,AZN,3,83.0,Həzi Aslanov,Bakı,3000.0
6469341,108000,AZN,2,44.0,Yeni Günəşli,Bakı,2454.55
5919335,143000,AZN,2,67.0,Həzi Aslanov,Bakı,2134.33
6009441,279000,AZN,2,77.0,Səbail,Bakı,3623.38
6380393,100000,AZN,1,39.0,Sea Breeze,Bakı,2564.1
6380408,97000,AZN,1,38.0,Sea Breeze,Bakı,2552.63
6433237,128000,AZN,4,120.0,Binəqədi,Bakı,1066.67
6172629,750000,AZN,5,400.0,Bilgəh,Bakı,1875.0
6422476,188000,AZN,3,80.0,Qaraçuxur,Bakı,2350.0
5776084,285000,AZN,1,58.0,Nardaran,Bakı,4913.79
6464155,330000,AZN,2,65.0,Sea Breeze,Bakı,5076.92
6473114,110000,AZN,1,40.0,Sea Breeze,Bakı,2750.0
6447764,88500,AZN,2,57.0,Masazır,Bakı,1552.63
6447745,88500,AZN,2,54.0,Masazır,Bakı,1638.89
6477850,153000,AZN,2,55.0,İnşaatçılar,Bakı,2781.82
6169463,280000,AZN,6,240.0,Yeni Ramana,Bakı,1166.67
6183050,440000,AZN,3,105.0,Koroğlu,Bakı,4190.48
6386940,277219,AZN,2,70.9,Nardaran,Bakı,3910.0
6475750,160000,AZN,6,160.0,Savalan,Bakı,1000.0
6422618,163000,AZN,1,50.0,Sea Breeze,Bakı,3260.0
5263470,816000,AZN,3,135.0,Sea Breeze,Bakı,6044.44
5978391,570000,AZN,6,300.0,Bilgəh,Bakı,1900.0
6473069,263500,AZN,1,43.0,Sea Breeze,Bakı,6127.91
6473100,350000,AZN,2,74.0,Sea Breeze,Bakı,4729.73
6473095,360000,AZN,2,76.0,Sea Breeze,Bakı,4736.84
5407427,320000,AZN,3,140.0,Nərimanov,Bakı,2285.71
6480751,117000,AZN,2,60.0,İnşaatçılar,Bakı,1950.0
6468086,67500,AZN,2,50.0,Masazır,Bakı,1350.0
6464118,115000,AZN,3,71.0,Masazır,Bakı,1619.72
6400958,272000,AZN,3,125.0,İnşaatçılar,Bakı,2176.0
6442290,295000,AZN,10,250.0,Zabrat,Bakı,1180.0
6314571,365660,AZN,3,114.9,Nardaran,Bakı,3182.42
6473078,635000,AZN,5,350.0,Mərdəkan,Bakı,1814.29
6458345,115000,AZN,2,58.0,Zığ,Bakı,1982.76
6330330,221995,AZN,1,53.3,Nardaran,Bakı,4165.01
6456260,2000000,AZN,3,266.0,Sea Breeze,Bakı,7518.8
6456270,350000,AZN,2,76.0,Sea Breeze,Bakı,4605.26
6456274,350000,AZN,2,69.0,Sea Breeze,Bakı,5072.46
6456290,207000,AZN,2,64.0,Sea Breeze,Bakı,3234.38
6393075,565000,AZN,4,170.0,Nəsimi,Bakı,3323.53
6052975,455000,AZN,6,350.0,Mərdəkan,Bakı,1300.0
6373307,1250000,AZN,6,440.0,Şah İsmayıl Xətai,Bakı,2840.91
6475720,237000,AZN,2,95.0,Nardaran,Bakı,2494.74
6186818,615000,AZN,4,207.0,Nəsimi,Bakı,2971.01
6220848,174420,AZN,1,36.0,Nardaran,Bakı,4845.0
6477783,125000,AZN,2,52.0,Badamdar,Bakı,2403.85
6399911,490000,AZN,3,108.0,Nizami,Bakı,4537.04
6296775,679791,AZN,3,160.7,Nardaran,Bakı,4230.19
6193083,550000,AZN,6,160.0,Nəriman Nərimanov,Bakı,3437.5
6222148,353658,AZN,1,48.4,Nardaran,Bakı,7306.98
6411297,199900,AZN,2,56.2,Sea Breeze,Bakı,3556.94
6428669,260000,AZN,5,120.0,Əhmədli,Bakı,2166.67
6172913,520000,AZN,5,250.0,Mərdəkan,Bakı,2080.0
6470026,102500,AZN,2,63.0,Masazır,Bakı,1626.98
6411390,198000,AZN,3,70.0,Bakıxanov,Bakı,2828.57
6027981,239292,AZN,2,61.2,Nardaran,Bakı,3910.0
6440600,728475,AZN,3,132.4,Elmlər Akademiyası,Bakı,5502.08
6246806,155000,AZN,2,67.0,Həzi Aslanov,Bakı,2313.43
6438371,48000,AZN,3,75.0,Kürdəxanı,Bakı,640.0
6150257,535000,AZN,5,350.0,Buzovna,Bakı,1528.57
5971930,287491,AZN,2,72.3,Nardaran,Bakı,3976.36
6270604,635000,AZN,3,162.0,Ağ şəhər,Bakı,3919.75
6373779,680000,AZN,3,108.0,Ağ şəhər,Bakı,6296.3
6406676,250000,AZN,3,100.0,Bayıl,Bakı,2500.0
6450934,210000,AZN,3,67.0,İnşaatçılar,Bakı,3134.33
6452312,185000,AZN,3,63.0,Əhmədli,Bakı,2936.51
6163070,145000,AZN,3,85.0,Biləcəri,Bakı,1705.88
5676019,472464,AZN,1,57.9,Nardaran,Bakı,8160.0
5818478,133000,AZN,4,136.0,Mehdiabad,Bakı,977.94
6461300,253000,AZN,2,103.8,Sea Breeze,Bakı,2437.38
5659944,230233,AZN,1,57.6,Nardaran,Bakı,3997.1
6461146,468000,AZN,4,156.0,8 Noyabr,Bakı,3000.0
6450510,450000,AZN,2,81.8,Ağ şəhər,Bakı,5501.22
5662936,285447,AZN,1,57.9,Nardaran,Bakı,4930.0
6436011,380000,AZN,1,67.1,Ağ şəhər,Bakı,5663.19
6247023,135000,AZN,2,73.0,Avtovağzal,Bakı,1849.32
5444297,358658,AZN,3,84.4,Sea Breeze,Bakı,4249.5
6271339,280000,AZN,4,140.0,Mərdəkan,Bakı,2000.0
6426668,450000,AZN,3,130.0,Nəriman Nərimanov,Bakı,3461.54
6211662,270000,AZN,4,140.0,Şüvəlan,Bakı,1928.57
6469965,395000,AZN,5,200.0,Mərdəkan,Bakı,1975.0
5591807,250614,AZN,2,81.9,Sea Breeze,Bakı,3060.0
6433835,248880,AZN,1,61.0,Nardaran,Bakı,4080.0
5932496,240000,AZN,4,160.0,Şüvəlan,Bakı,1500.0
6453680,495000,AZN,4,180.0,Şüvəlan,Bakı,2750.0
5443704,231336,AZN,1,56.7,Sea Breeze,Bakı,4080.0
6464007,585000,AZN,4,170.0,Mərdəkan,Bakı,3441.18
6190260,290000,AZN,4,180.0,Mərdəkan,Bakı,1611.11
6461084,609000,AZN,6,420.0,Bilgəh,Bakı,1450.0
6231449,229000,AZN,4,80.0,Həzi Aslanov,Bakı,2862.5
6256953,250000,AZN,4,160.0,Şüvəlan,Bakı,1562.5
6303020,310000,AZN,3,135.0,Qara Qarayev,Bakı,2296.3
6368839,228000,AZN,2,60.0,Nərimanov,Bakı,3800.0
6248609,219900,AZN,2,56.7,Nəsimi,Bakı,3878.31
6477674,239000,AZN,3,80.0,Həzi Aslanov,Bakı,2987.5
6048046,256000,AZN,2,90.0,Nərimanov,Bakı,2844.44
6467021,541260,AZN,2,76.7,Nardaran,Bakı,7056.84
6461339,230000,AZN,2,96.0,20 Yanvar,Bakı,2395.83
6309352,107000,AZN,2,77.5,Albalılıq,Bakı,1380.65
6477661,170000,AZN,4,120.0,Savalan,Bakı,1416.67
5950360,400000,AZN,4,177.5,Şah İsmayıl Xətai,Bakı,2253.52
6423373,89000,AZN,2,30.0,28 May,Bakı,2966.67
5516595,326315,AZN,2,69.8,Sea Breeze,Bakı,4675.0
6423229,1500000,AZN,14,1250.0,Novxanı,Bakı,1200.0
5443083,411645,AZN,2,86.5,Sea Breeze,Bakı,4758.9
6458177,320000,AZN,3,90.0,Badamdar,Bakı,3555.56
6308144,239000,AZN,2,94.0,20 Yanvar,Bakı,2542.55
6391796,60000,AZN,3,87.0,Zığ,Bakı,689.66
6462843,225000,AZN,4,100.0,Neftçilər,Bakı,2250.0
5442812,274091,AZN,2,70.1,Sea Breeze,Bakı,3910.0
6475555,585000,AZN,4,182.0,Nəriman Nərimanov,Bakı,3214.29
6172543,1180000,AZN,6,330.0,Mərdəkan,Bakı,3575.76
6177412,163625,AZN,1,55.0,Nardaran,Bakı,2975.0
6466986,169000,AZN,2,70.0,Badamdar,Bakı,2414.29
6468926,295000,AZN,2,84.3,Nəriman Nərimanov,Bakı,3499.41
6430044,598000,AZN,3,127.0,Ağ şəhər,Bakı,4708.66
6475560,260000,AZN,5,165.0,Buzovna,Bakı,1575.76
6476055,1100000,AZN,4,205.0,Nəsimi,Bakı,5365.85
6080357,596700,AZN,3,135.0,Nardaran,Bakı,4420.0
6450829,590000,AZN,4,185.0,Nəriman Nərimanov,Bakı,3189.19
5453887,475000,AZN,5,220.0,Qaraçuxur,Bakı,2159.09
6323763,255000,AZN,4,92.0,Həzi Aslanov,Bakı,2771.74
5600109,262642,AZN,1,58.3,Sea Breeze,Bakı,4505.01
6466966,750000,AZN,4,148.6,Ağ şəhər,Bakı,5047.11
6399616,310000,AZN,4,110.0,Binəqədi,Bakı,2818.18
6396307,220000,AZN,2,71.0,Gənclik,Bakı,3098.59
6451986,165000,AZN,2,71.4,Əmircan,Bakı,2310.92
6453598,395000,AZN,3,105.0,Nəriman Nərimanov,Bakı,3761.9
5921691,299500,AZN,1,60.0,Nardaran,Bakı,4991.67
6464305,850000,AZN,8,390.0,Sea Breeze,Bakı,2179.49
6469771,175000,AZN,2,60.0,Bakıxanov,Bakı,2916.67
4502351,663935,AZN,2,107.0,Nardaran,Bakı,6205.0
6069832,155000,AZN,2,62.0,Neftçilər,Bakı,2500.0
6469861,202000,AZN,2,83.0,Nəriman Nərimanov,Bakı,2433.73
6467136,595000,AZN,4,180.0,Mərdəkan,Bakı,3305.56
6403485,59500,AZN,2,65.0,Məmmədli,Bakı,915.38
6335393,439000,AZN,5,172.0,Şüvəlan,Bakı,2552.33
6428619,280000,AZN,7,300.0,Hövsan,Bakı,933.33
5501305,513528,AZN,3,140.5,Sea Breeze,Bakı,3655.0
4237623,543730,AZN,2,98.86,Elmlər Akademiyası,Bakı,5500.0
6326509,1188715,AZN,4,216.1,Elmlər Akademiyası,Bakı,5500.76
5867067,812900,AZN,4,147.8,Elmlər Akademiyası,Bakı,5500.0
6450644,155000,AZN,3,90.0,Masazır,Bakı,1722.22
4190770,1128215,AZN,4,205.13,Elmlər Akademiyası,Bakı,5500.0
4452982,318325,AZN,1,53.5,Nardaran,Bakı,5950.0
6167930,690000,AZN,7,500.0,Novxanı,Bakı,1380.0
5936849,177000,AZN,1,60.0,Nardaran,Bakı,2950.0
5555412,405977,AZN,2,91.9,Sea Breeze,Bakı,4417.6
6422300,258000,AZN,2,58.0,Nərimanov,Bakı,4448.28
6422293,358000,AZN,3,88.0,Nərimanov,Bakı,4068.18
6286163,54000,AZN,3,90.0,Məmmədli,Bakı,600.0
6439458,210000,AZN,3,75.0,Gənclik,Bakı,2800.0
6147518,55000,AZN,3,90.0,Binə,Bakı,611.11
6467702,268000,AZN,2,65.0,Gənclik,Bakı,4123.08
4965982,285147,AZN,3,96.6,Dərnəgül,Bakı,2951.83
4967088,236168,AZN,2,89.1,Dərnəgül,Bakı,2650.59
4967576,331920,AZN,3,138.3,Dərnəgül,Bakı,2400.0
5998829,538000,AZN,9,545.0,Şıxov,Bakı,987.16
6469355,85000,AZN,2,50.0,Dərnəgül,Bakı,1700.0
6468882,80000,AZN,2,68.0,Saray,Bakı,1176.47
6383069,369500,AZN,3,86.6,Sea Breeze,Bakı,4266.74
6472044,123000,AZN,2,40.0,Gənclik,Bakı,3075.0
6405793,219000,AZN,3,85.0,Yeni Yasamal,Bakı,2576.47
6460911,310000,AZN,3,94.0,Nərimanov,Bakı,3297.87
6061385,310000,AZN,1,75.0,Sea Breeze,Bakı,4133.33
4179699,500000,AZN,3,137.0,Nəriman Nərimanov,Bakı,3649.64
4179866,505000,AZN,3,153.0,Nəriman Nərimanov,Bakı,3300.65
4126392,810000,AZN,5,216.0,Nərimanov,Bakı,3750.0
3891057,475000,AZN,3,137.0,Nərimanov,Bakı,3467.15
3891023,365000,AZN,3,105.0,Nərimanov,Bakı,3476.19
4179630,355000,AZN,3,105.0,Nəriman Nərimanov,Bakı,3380.95
6477852,144500,AZN,2,50.0,Avtovağzal,Bakı,2890.0
6428532,275000,AZN,7,380.0,Zabrat,Bakı,723.68
6415154,820000,AZN,4,400.0,Şüvəlan,Bakı,2050.0
6066614,120000,AZN,4,120.0,Fatmayı,Bakı,1000.0
6436310,310000,AZN,2,85.5,Nərimanov,Bakı,3625.73
6422061,288000,AZN,2,72.0,Nizami,Bakı,4000.0
6460755,475000,AZN,3,125.0,Şah İsmayıl Xətai,Bakı,3800.0
6469744,470000,AZN,4,178.0,Bayıl,Bakı,2640.45
6457210,110000,AZN,5,196.0,Türkan,Bakı,561.22
6476167,300000,AZN,3,126.5,Qara Qarayev,Bakı,2371.54
6380037,158000,AZN,4,133.0,Binə,Bakı,1187.97
6392643,204408,AZN,1,50.1,Nardaran,Bakı,4080.0
6342049,460000,AZN,3,125.0,Şah İsmayıl Xətai,Bakı,3680.0
6409214,538000,AZN,4,177.9,Gənclik,Bakı,3024.17
6447690,210000,AZN,2,54.0,Böyükşor,Bakı,3888.89
6462242,118000,AZN,1,40.0,8 Noyabr,Bakı,2950.0
6405099,452064,AZN,3,110.8,Nardaran,Bakı,4080.0
6460084,479000,AZN,3,160.0,Şah İsmayıl Xətai,Bakı,2993.75
6414988,285000,AZN,5,180.0,Fatmayı,Bakı,1583.33
6331823,363702,AZN,3,105.4,Nardaran,Bakı,3450.68
6458147,55000,AZN,3,75.0,Sabunçu,Bakı,733.33
6452231,210000,AZN,3,90.0,20 Yanvar,Bakı,2333.33
6339960,300000,AZN,3,130.0,İnşaatçılar,Bakı,2307.69
6073522,290000,AZN,3,105.0,20 Yanvar,Bakı,2761.9
6460842,280000,AZN,5,148.0,Şüvəlan,Bakı,1891.89
6089658,297000,AZN,3,100.0,Dərnəgül,Bakı,2970.0
6443973,83000,AZN,2,60.0,Masazır,Bakı,1383.33
6318715,253708,AZN,1,53.3,Nardaran,Bakı,4760.0
5932448,240000,AZN,4,160.0,Şüvəlan,Bakı,1500.0
6472237,98000,AZN,3,60.0,Hövsan,Bakı,1633.33
6167174,199999,AZN,5,150.0,Buzovna,Bakı,1333.33
5932357,225000,AZN,4,150.0,Mərdəkan,Bakı,1500.0
6471991,159000,AZN,4,130.0,Buzovna,Bakı,1223.08
6426543,685000,AZN,4,240.0,Nərimanov,Bakı,2854.17
6220831,306694,AZN,2,59.2,Nardaran,Bakı,5180.64
6386319,195000,AZN,6,210.0,Hövsan,Bakı,928.57
6463560,170000,AZN,4,200.0,Yeni Suraxanı,Bakı,850.0
5940513,420000,AZN,5,250.0,Şüvəlan,Bakı,1680.0
6455968,229000,AZN,2,68.7,8 Noyabr,Bakı,3333.33
6468135,137000,AZN,3,74.0,Yasamal,Bakı,1851.35
6463573,225000,AZN,4,135.0,Şüvəlan,Bakı,1666.67
6288431,625000,AZN,9,420.0,Badamdar,Bakı,1488.1
6223002,185000,AZN,4,130.0,Şüvəlan,Bakı,1423.08
6475210,290000,AZN,3,160.0,20 Yanvar,Bakı,1812.5
6387334,275000,AZN,3,145.0,Xətai,Bakı,1896.55
6155738,85000,AZN,4,100.0,Masazır,Bakı,850.0
6456913,120000,AZN,1,40.0,8 Noyabr,Bakı,3000.0
6480284,420000,AZN,3,139.0,Neftçilər,Bakı,3021.58
5843866,79500,AZN,3,82.0,Masazır,Bakı,969.51
6433805,239275,AZN,1,56.3,Nardaran,Bakı,4250.0
6467910,87000,AZN,2,44.0,Masazır,Bakı,1977.27
5744959,112000,AZN,3,100.0,Mərdəkan,Bakı,1120.0
5504121,479842,AZN,2,128.3,Sea Breeze,Bakı,3740.0
6447598,248000,AZN,3,67.0,Gənclik,Bakı,3701.49
5504251,603514,AZN,2,110.9,Sea Breeze,Bakı,5441.97
6463593,132000,AZN,3,240.0,Bakıxanov,Bakı,550.0
6453148,199000,AZN,2,59.0,20 Yanvar,Bakı,3372.88
6408985,580000,AZN,6,380.0,Mərdəkan,Bakı,1526.32
6392645,217056,AZN,1,53.2,Nardaran,Bakı,4080.0
6131808,575000,AZN,3,127.0,Nəsimi,Bakı,4527.56
6362479,145000,AZN,6,250.0,Binə,Bakı,580.0
6475303,327000,AZN,3,126.0,Koroğlu,Bakı,2595.24
6459342,234000,AZN,3,63.0,İnşaatçılar,Bakı,3714.29
6452347,248000,AZN,4,145.0,Mərdəkan,Bakı,1710.34
6406956,168000,AZN,3,75.0,7-ci mikrorayon,Bakı,2240.0
6170668,650000,AZN,4,200.0,Şağan,Bakı,3250.0
6461978,1300000,AZN,7,300.0,Badamdar,Bakı,4333.33
6438220,245000,AZN,3,82.0,Nəriman Nərimanov,Bakı,2987.8
6462527,160000,AZN,3,60.0,Dübəndi,Bakı,2666.67
6405089,257312,AZN,1,68.8,Nardaran,Bakı,3740.0
6433060,285000,AZN,2,65.0,Şah İsmayıl Xətai,Bakı,4384.62
6476571,68000,AZN,2,37.0,Masazır,Bakı,1837.84
6363733,180000,AZN,2,56.9,20 Yanvar,Bakı,3163.44
6425031,188000,AZN,2,45.0,Elmlər Akademiyası,Bakı,4177.78
6314560,358070,AZN,3,99.4,Nardaran,Bakı,3602.31
6208640,275000,AZN,5,250.0,Binə,Bakı,1100.0
6400890,299000,AZN,3,72.0,Bakmil,Bakı,4152.78
6463479,595000,AZN,5,150.0,Şağan,Bakı,3966.67
6370503,100000,AZN,2,35.0,İçəri Şəhər,Bakı,2857.14
6371352,227000,AZN,2,54.0,İçəri Şəhər,Bakı,4203.7
5785201,380000,AZN,4,130.0,Mərdəkan,Bakı,2923.08
6459528,285000,AZN,2,65.0,Şah İsmayıl Xətai,Bakı,4384.62
6380228,139000,AZN,2,57.0,İnşaatçılar,Bakı,2438.6
6474484,210000,AZN,2,85.0,Badamdar,Bakı,2470.59
6371259,370000,AZN,3,141.0,Memar Əcəmi,Bakı,2624.11
6469197,580000,AZN,7,315.0,Şüvəlan,Bakı,1841.27
6451843,164000,AZN,2,65.0,Əhmədli,Bakı,2523.08
6255499,187000,AZN,1,40.7,Nardaran,Bakı,4594.59
6255467,201042,AZN,1,43.8,Nardaran,Bakı,4590.0
6463426,390000,AZN,4,160.0,Şüvəlan,Bakı,2437.5
6412535,1700000,AZN,10,750.0,Əhmədli,Bakı,2266.67
6299418,175950,AZN,1,45.0,Nardaran,Bakı,3910.0
5474820,395000,AZN,3,100.0,Sea Breeze,Bakı,3950.0
6457797,239000,AZN,3,72.0,İnşaatçılar,Bakı,3319.44
5906159,75900,AZN,3,109.6,Görədil,Bakı,692.52
6219935,168300,AZN,1,36.0,Nardaran,Bakı,4675.0
6468037,1041000,AZN,4,127.0,Ağ şəhər,Bakı,8196.85
6466453,360000,AZN,6,350.0,Buzovna,Bakı,1028.57
6219759,563465,AZN,3,94.7,Nardaran,Bakı,5950.0
6429468,270000,AZN,3,83.0,Yasamal,Bakı,3253.01
6256368,130000,AZN,3,90.0,Abşeron,Xırdalan,1444.44
6267893,220000,AZN,2,80.0,Azadlıq Prospekti,Bakı,2750.0
5673384,260000,AZN,2,65.0,8 Noyabr,Bakı,4000.0
6209540,266000,AZN,3,110.0,Həzi Aslanov,Bakı,2418.18
6403078,278000,AZN,3,93.0,20 Yanvar,Bakı,2989.25
6297172,355501,AZN,1,46.8,Nardaran,Bakı,7596.18
6432232,850000,AZN,6,430.0,Əhmədli,Bakı,1976.74
6303152,595000,AZN,4,200.0,Şüvəlan,Bakı,2975.0
6437281,187500,AZN,2,74.4,Bakıxanov,Bakı,2520.16
5625392,289000,AZN,2,73.0,Koroğlu,Bakı,3958.9
6465044,120000,AZN,4,100.0,Biləcəri,Bakı,1200.0
6455685,289000,AZN,3,100.0,20 Yanvar,Bakı,2890.0
6477109,187000,AZN,2,80.0,Xalqlar Dostluğu,Bakı,2337.5
6351003,278000,AZN,2,90.0,Nəriman Nərimanov,Bakı,3088.89
6473009,244000,AZN,3,85.0,Qara Qarayev,Bakı,2870.59
6451891,142000,AZN,3,60.0,Memar Əcəmi,Bakı,2366.67
6466097,1699000,AZN,4,190.0,Nəsimi,Bakı,8942.11
6181526,899000,AZN,6,305.0,Bilgəh,Bakı,2947.54
5624562,900000,AZN,6,320.0,Bilgəh,Bakı,2812.5
6207270,145900,AZN,6,230.0,Mehdiabad,Bakı,634.35
5624579,1400000,AZN,6,450.0,Bilgəh,Bakı,3111.11
6181468,1500000,AZN,6,460.0,Bilgəh,Bakı,3260.87
6033953,260100,AZN,2,61.2,Nardaran,Bakı,4250.0
5624630,1400000,AZN,6,460.0,Bilgəh,Bakı,3043.48
5863255,225267,AZN,2,63.1,Nardaran,Bakı,3570.0
6469278,560000,AZN,3,113.5,Nardaran,Bakı,4933.92
6457718,1200000,AZN,4,210.0,Nəsimi,Bakı,5714.29
6469298,493000,AZN,3,100.0,Nardaran,Bakı,4930.0
6449243,135000,AZN,2,56.0,Sahil,Bakı,2410.71
5971916,214540,AZN,1,63.1,Nardaran,Bakı,3400.0
6460423,280000,AZN,3,70.0,Yasamal,Bakı,4000.0
6423810,125500,AZN,2,45.0,Köhnə Günəşli,Bakı,2788.89
6475044,450000,AZN,2,93.0,Nardaran,Bakı,4838.71
6400367,230000,AZN,5,200.0,Lökbatan,Bakı,1150.0
6473038,429000,AZN,3,145.0,28 May,Bakı,2958.62
6413533,650000,AZN,4,180.0,28 May,Bakı,3611.11
6043168,519999,AZN,4,185.0,Azadlıq Prospekti,Bakı,2810.81
6329798,147000,AZN,2,55.0,Neftçilər,Bakı,2672.73
6228777,857000,AZN,4,230.0,28 May,Bakı,3726.09
6433823,495482,AZN,2,112.1,Nardaran,Bakı,4420.0
5832183,359000,AZN,3,129.0,Şah İsmayıl Xətai,Bakı,2782.95
5863093,159222,AZN,1,44.6,Nardaran,Bakı,3570.0
6474977,157000,AZN,2,60.0,Həzi Aslanov,Bakı,2616.67
5142087,161000,AZN,2,82.1,Həzi Aslanov,Bakı,1961.02
4693067,830000,AZN,5,460.0,Mərdəkan,Bakı,1804.35
6139687,140000,AZN,2,70.0,Əhmədli,Bakı,2000.0
5954144,823000,AZN,4,185.0,Ağ şəhər,Bakı,4448.65
4966002,287375,AZN,3,114.9,Dərnəgül,Bakı,2501.09
4965055,299950,AZN,3,119.9,Dərnəgül,Bakı,2501.67
4966017,296693,AZN,3,116.3,Dərnəgül,Bakı,2551.1
6446125,225000,AZN,2,76.0,7-ci mikrorayon,Bakı,2960.53
6472060,920000,AZN,4,161.0,Ağ şəhər,Bakı,5714.29
5675953,621894,AZN,1,54.6,Nardaran,Bakı,11390.0
6408174,305000,AZN,3,87.0,Qara Qarayev,Bakı,3505.75
4967105,177165,AZN,1,57.2,Dərnəgül,Bakı,3097.29
6469084,329000,AZN,4,169.0,Neftçilər,Bakı,1946.75
6197247,650000,AZN,3,133.0,28 May,Bakı,4887.22
5660036,186783,AZN,1,45.8,Nardaran,Bakı,4078.23
6447167,420000,AZN,3,103.0,8 Noyabr,Bakı,4077.67
6463063,3400000,AZN,10,800.0,Bilgəh,Bakı,4250.0
6479821,425000,AZN,2,105.0,Gənclik,Bakı,4047.62
6472029,165000,AZN,2,71.4,Əmircan,Bakı,2310.92
6396102,226000,AZN,2,92.0,Neftçilər,Bakı,2456.52
6310625,330000,AZN,3,125.0,Qara Qarayev,Bakı,2640.0
6466226,158000,AZN,3,65.0,Memar Əcəmi,Bakı,2430.77
6447796,110000,AZN,1,38.0,Memar Əcəmi,Bakı,2894.74
6422687,430000,AZN,3,108.0,28 May,Bakı,3981.48
6439523,189000,AZN,3,75.0,Memar Əcəmi,Bakı,2520.0
6399720,194500,AZN,2,60.0,Memar Əcəmi,Bakı,3241.67
5465343,305000,AZN,3,110.0,Əhmədli,Bakı,2772.73
6469124,350000,AZN,3,107.0,Nərimanov,Bakı,3271.03
6399777,240000,AZN,3,75.0,Memar Əcəmi,Bakı,3200.0
6313135,765000,AZN,7,250.0,Nizami,Bakı,3060.0
5640831,245795,AZN,1,56.7,Nardaran,Bakı,4335.01
6414185,750000,AZN,7,800.0,Elmlər Akademiyası,Bakı,937.5
6390519,264000,AZN,3,96.0,Nəriman Nərimanov,Bakı,2750.0
5444086,254060,AZN,1,50.7,Sea Breeze,Bakı,5011.05
6120103,365000,AZN,2,128.0,Nərimanov,Bakı,2851.56
6098513,255000,AZN,2,91.9,Abşeron,Bakı,2774.76
6206411,195000,AZN,1,57.4,Nardaran,Bakı,3397.21
6350458,299000,AZN,12,500.0,Mehdiabad,Bakı,598.0
4897668,990000,AZN,12,500.0,Sahil,Bakı,1980.0
6474882,265000,AZN,2,75.0,İnşaatçılar,Bakı,3533.33
6424178,226623,AZN,1,38.6,Nardaran,Bakı,5871.06
6433621,255000,AZN,3,115.0,Avtovağzal,Bakı,2217.39
5443908,301682,AZN,2,93.4,Sea Breeze,Bakı,3230.0
6446209,268000,AZN,2,66.0,Gənclik,Bakı,4060.61
6460216,130000,AZN,4,130.0,Xocəsən,Bakı,1000.0
6461607,145000,AZN,2,48.0,Xətai,Bakı,3020.83
6457553,285000,AZN,3,105.0,Memar Əcəmi,Bakı,2714.29
6125777,325000,AZN,3,133.0,Sabunçu,Bakı,2443.61
6392288,155000,AZN,2,50.0,Həzi Aslanov,Bakı,3100.0
6315115,167000,AZN,2,60.0,Yasamal,Bakı,2783.33
6389702,380000,AZN,4,200.0,Nardaran,Bakı,1900.0
6220558,148000,AZN,5,140.0,Binə,Bakı,1057.14
6408549,280000,AZN,2,65.0,Şah İsmayıl Xətai,Bakı,4307.69
6078710,279557,AZN,1,57.7,Nardaran,Bakı,4845.01
6465086,163000,AZN,2,70.0,İnşaatçılar,Bakı,2328.57
5516678,259080,AZN,1,50.8,Sea Breeze,Bakı,5100.0
6238408,850000,AZN,4,214.0,Ağ şəhər,Bakı,3971.96
6452746,355000,AZN,3,120.0,İnşaatçılar,Bakı,2958.33
5514359,496407,AZN,2,78.9,Sea Breeze,Bakı,6291.6
6474757,550000,AZN,3,175.0,Nizami,Bakı,3142.86
6294298,257000,AZN,2,100.0,20 Yanvar,Bakı,2570.0
5515435,270000,AZN,4,148.5,Həzi Aslanov,Bakı,1818.18
6345829,250000,AZN,2,72.0,Koroğlu,Bakı,3472.22
6339775,575000,AZN,2,93.0,Sea Breeze,Bakı,6182.8
6408561,280000,AZN,2,65.0,Şah İsmayıl Xətai,Bakı,4307.69
5442827,243474,AZN,2,68.2,Sea Breeze,Bakı,3570.0
6446916,268000,AZN,2,90.0,Əhmədli,Bakı,2977.78
4816583,1901939,AZN,4,266.4,Bayıl,Bakı,7139.41
6257973,450000,AZN,5,300.0,Novxanı,Bakı,1500.0
5877292,252000,AZN,2,92.0,Nəriman Nərimanov,Bakı,2739.13
6457490,70000,AZN,2,58.0,Masazır,Bakı,1206.9
6449777,161690,AZN,3,87.4,Biləcəri,Bakı,1850.0
6425579,310000,AZN,3,90.0,Həzi Aslanov,Bakı,3444.44
5534371,200634,AZN,1,56.2,Sea Breeze,Bakı,3570.0
6097066,315000,AZN,4,185.0,Əhmədli,Bakı,1702.7
6479559,187000,AZN,2,80.0,Elmlər Akademiyası,Bakı,2337.5
6252631,198000,AZN,3,75.0,Həzi Aslanov,Bakı,2640.0
6413626,245000,AZN,3,77.0,Bakıxanov,Bakı,3181.82
6430086,890000,AZN,6,340.0,Badamdar,Bakı,2617.65
6467540,195000,AZN,2,70.0,Nəriman Nərimanov,Bakı,2785.71
5504148,376533,AZN,2,96.3,Sea Breeze,Bakı,3910.0
6399619,128000,AZN,2,50.0,Yeni Yasamal,Bakı,2560.0
6435353,142175,AZN,3,60.5,Qaraçuxur,Bakı,2350.0
4530140,401778,AZN,2,90.9,Nardaran,Bakı,4420.0
6447150,80000,AZN,1,41.0,Masazır,Bakı,1951.22
5307976,950000,AZN,4,229.0,Nizami,Bakı,4148.47
6475960,615000,AZN,4,139.0,Sea Breeze,Bakı,4424.46
6051556,385000,AZN,2,81.0,Sea Breeze,Bakı,4753.09
6357710,125000,AZN,3,78.0,Masazır,Bakı,1602.56
5489871,314500,AZN,1,58.0,Sea Breeze,Bakı,5422.41
6325502,310000,AZN,3,105.0,Neftçilər,Bakı,2952.38
4513531,698683,AZN,2,112.6,Nardaran,Bakı,6205.0
6399985,87000,AZN,3,100.0,Savalan,Bakı,870.0
5646854,896719,AZN,3,184.5,Şah İsmayıl Xətai,Bakı,4860.27
5646676,535919,AZN,2,97.2,Şah İsmayıl Xətai,Bakı,5513.57
6457192,197000,AZN,2,60.0,Əhmədli,Bakı,3283.33
5981885,155000,AZN,1,57.0,Sea Breeze,Bakı,2719.3
6411026,57000,AZN,2,52.0,Novxanı,Bakı,1096.15
5981972,347500,AZN,2,102.0,Sea Breeze,Bakı,3406.86
6251851,580000,AZN,3,141.0,Sea Breeze,Bakı,4113.48
5540301,398055,AZN,3,111.5,Sea Breeze,Bakı,3570.0
4675929,175000,AZN,1,60.0,Nardaran,Bakı,2916.67
6450794,225000,AZN,2,56.0,Gənclik,Bakı,4017.86
5552025,487050,AZN,2,124.6,Sea Breeze,Bakı,3908.91
6246369,345000,AZN,4,160.0,Həzi Aslanov,Bakı,2156.25
6323513,450000,AZN,3,130.0,Nəriman Nərimanov,Bakı,3461.54
6129603,360000,AZN,2,111.0,28 May,Bakı,3243.24
6454908,84500,AZN,2,51.0,Abşeron,Xırdalan,1656.86
5737068,755000,AZN,7,455.0,Bilgəh,Bakı,1659.34
5504245,608558,AZN,2,96.8,Sea Breeze,Bakı,6286.76
6349861,415000,AZN,2,60.0,Ağ şəhər,Bakı,6916.67
6232092,345000,AZN,3,118.0,Neftçilər,Bakı,2923.73
6457685,208000,AZN,3,80.0,Neftçilər,Bakı,2600.0
5018761,290000,AZN,3,158.0,Şıxov,Bakı,1835.44
5981017,290000,AZN,3,136.0,Əhmədli,Bakı,2132.35
6413787,237000,AZN,1,58.0,Sea Breeze,Bakı,4086.21
6413803,331500,AZN,2,93.0,Sea Breeze,Bakı,3564.52
6413863,306000,AZN,2,86.0,Sea Breeze,Bakı,3558.14
6382251,193800,AZN,1,45.6,Nardaran,Bakı,4250.0
6230570,1340000,AZN,4,120.0,Buzovna,Bakı,11166.67
6462595,470000,AZN,3,160.0,Nəsimi,Bakı,2937.5
6405082,260678,AZN,1,69.7,Nardaran,Bakı,3740.0
3776665,331200,AZN,3,110.4,20 Yanvar,Bakı,3000.0
6464483,278280,AZN,3,77.3,20 Yanvar,Bakı,3600.0
5893873,339624,AZN,3,106.8,20 Yanvar,Bakı,3180.0
4695792,480200,AZN,4,171.5,Nərimanov,Bakı,2800.0
5914585,89000,AZN,1,37.4,Nardaran,Bakı,2379.68
6367161,457888,AZN,3,135.5,Badamdar,Bakı,3379.25
6373124,338474,AZN,2,107.1,Badamdar,Bakı,3160.35
6465683,360000,AZN,3,143.0,İnşaatçılar,Bakı,2517.48
6367017,232204,AZN,1,65.6,Badamdar,Bakı,3539.7
4377330,521400,AZN,3,173.8,28 May,Bakı,3000.0
5730671,708000,AZN,4,236.0,28 May,Bakı,3000.0
4351096,664230,AZN,4,221.41,28 May,Bakı,3000.0
4991369,359040,AZN,3,108.8,28 May,Bakı,3300.0
5730589,385600,AZN,3,120.5,28 May,Bakı,3200.0
6314587,184022,AZN,1,42.1,Nardaran,Bakı,4371.07
6479245,327400,AZN,4,163.7,Bakıxanov,Bakı,2000.0
6431601,130000,AZN,2,43.0,Memar Əcəmi,Bakı,3023.26
6243109,155000,AZN,5,250.0,Mərdəkan,Bakı,620.0
6318801,261018,AZN,2,49.5,Nardaran,Bakı,5273.09
6270267,105000,AZN,3,100.0,Nəriman Nərimanov,Bakı,1050.0
6248082,300000,AZN,4,150.0,Azadlıq Prospekti,Bakı,2000.0
5695949,54000,AZN,1,41.0,Masazır,Bakı,1317.07
6358983,385000,AZN,3,86.0,Nəsimi,Bakı,4476.74
6220826,185045,AZN,1,31.1,Nardaran,Bakı,5950.0
6429278,425000,AZN,2,106.0,Nərimanov,Bakı,4009.43
6365513,135000,AZN,3,85.0,Qala,Bakı,1588.24
6124286,455000,AZN,5,270.0,Mərdəkan,Bakı,1685.19
6219766,438793,AZN,2,68.8,Nardaran,Bakı,6377.81
6062253,275000,AZN,1,46.0,Sea Breeze,Bakı,5978.26
6410949,89900,AZN,2,50.0,Abşeron,Xırdalan,1798.0
5835722,590000,AZN,4,250.0,Mərdəkan,Bakı,2360.0
6381642,280000,AZN,4,160.0,Mərdəkan,Bakı,1750.0
6390712,585000,AZN,5,220.0,Mərdəkan,Bakı,2659.09
5960599,750000,AZN,5,300.0,Mərdəkan,Bakı,2500.0
6198054,292000,AZN,2,90.0,Elmlər Akademiyası,Bakı,3244.44
6459712,1150000,AZN,5,220.0,Bayıl,Bakı,5227.27
6479213,750000,AZN,3,170.0,Xətai,Bakı,4411.76
6049260,467000,AZN,2,115.0,Sea Breeze,Bakı,4060.87
6331211,226754,AZN,1,38.1,Nardaran,Bakı,5951.55
6405366,395000,AZN,3,108.8,7-ci mikrorayon,Bakı,3630.51
6297183,346432,AZN,1,46.4,Nardaran,Bakı,7466.21
6260264,175000,AZN,2,76.5,Sea Breeze,Bakı,2287.58
6091419,139300,AZN,1,43.0,Nardaran,Bakı,3239.53
6471321,154860,AZN,2,60.0,Yeni Yasamal,Bakı,2581.0
6442177,245000,AZN,3,75.0,4-cü mikrorayon,Bakı,3266.67
6382752,72700,AZN,2,41.0,Masazır,Bakı,1773.17
6382661,84790,AZN,2,48.7,Masazır,Bakı,1741.07
6315276,175000,AZN,2,55.0,Əhmədli,Bakı,3181.82
6315231,220000,AZN,2,74.0,Nərimanov,Bakı,2972.97
6338336,359000,AZN,2,117.2,Koroğlu,Bakı,3063.14
6410378,314000,AZN,3,96.4,Elmlər Akademiyası,Bakı,3257.26
6459373,192100,AZN,3,113.0,Masazır,Bakı,1700.0
6027988,417767,AZN,3,114.3,Nardaran,Bakı,3655.0
6325595,200000,AZN,1,53.0,Sea Breeze,Bakı,3773.58
6458022,77000,AZN,3,130.0,Ramana,Bakı,592.31
5976844,198016,AZN,1,58.3,Nardaran,Bakı,3396.5
6269294,317000,AZN,2,120.0,Nəsimi,Bakı,2641.67
6373602,380086,AZN,2,63.9,Nardaran,Bakı,5948.14
6404979,231925,AZN,1,38.4,Nardaran,Bakı,6039.71
6434317,330000,AZN,3,110.0,Şah İsmayıl Xətai,Bakı,3000.0
6439934,220000,AZN,3,74.0,Yasamal,Bakı,2972.97
6382424,295000,AZN,5,120.0,Əhmədli,Bakı,2458.33
6106492,352400,AZN,3,106.8,20 Yanvar,Bakı,3299.63
6330831,245000,AZN,2,98.0,İnşaatçılar,Bakı,2500.0
6431984,514080,AZN,2,112.0,Nardaran,Bakı,4590.0
6466302,415000,AZN,3,176.5,28 May,Bakı,2351.27
5508932,597000,AZN,3,125.0,Nəriman Nərimanov,Bakı,4776.0
5721807,563652,AZN,1,61.4,Nardaran,Bakı,9180.0
6399792,92000,AZN,3,100.0,Bilgəh,Bakı,920.0
6438033,460000,AZN,3,108.0,Sahil,Bakı,4259.26
6471250,257000,AZN,2,59.0,Bakmil,Bakı,4355.93
6422616,119000,AZN,1,45.0,Sea Breeze,Bakı,2644.44
6454872,158000,AZN,2,68.0,Yeni Yasamal,Bakı,2323.53
6427351,265000,AZN,2,51.0,Nəsimi,Bakı,5196.08
5660026,398081,AZN,1,69.9,Nardaran,Bakı,5695.01
6475769,266000,AZN,3,120.0,İnşaatçılar,Bakı,2216.67
5657212,338564,AZN,2,78.1,Nardaran,Bakı,4335.01
6232532,400000,AZN,5,200.0,Mərdəkan,Bakı,2000.0
6440548,181000,AZN,1,56.0,Nardaran,Bakı,3232.14
6448372,279000,AZN,3,140.0,Sabunçu,Bakı,1992.86
5444207,414596,AZN,3,87.1,Sea Breeze,Bakı,4760.0
6329479,159900,AZN,4,145.0,Yeni Ramana,Bakı,1102.76
6449124,159900,AZN,4,145.0,Yeni Ramana,Bakı,1102.76
5475997,272000,AZN,1,55.4,Mərdəkan,Bakı,4909.75
5510791,527000,AZN,2,107.6,Mərdəkan,Bakı,4897.77
5506321,1241000,AZN,3,218.7,Mərdəkan,Bakı,5674.44
5510774,714000,AZN,2,148.9,Mərdəkan,Bakı,4795.16
5506311,306000,AZN,1,62.0,Mərdəkan,Bakı,4935.48
6197306,221540,AZN,2,58.3,Azadlıq Prospekti,Bakı,3800.0
5443970,272875,AZN,2,78.3,Sea Breeze,Bakı,3484.99
6373636,246379,AZN,1,39.2,Nardaran,Bakı,6285.18
6298742,655000,AZN,5,255.0,Mərdəkan,Bakı,2568.63
6231295,345000,AZN,3,112.0,Nəriman Nərimanov,Bakı,3080.36
6181912,532840,AZN,4,190.3,Koroğlu,Bakı,2800.0
6181887,525000,AZN,4,175.9,Koroğlu,Bakı,2984.65
6181862,404955,AZN,2,120.9,Koroğlu,Bakı,3349.5
6181764,615420,AZN,3,237.0,Koroğlu,Bakı,2596.71
6181837,382848,AZN,2,114.3,Koroğlu,Bakı,3349.5
6181844,411989,AZN,2,123.0,Koroğlu,Bakı,3349.5
6181901,510000,AZN,4,194.2,Koroğlu,Bakı,2626.16
6476082,140000,AZN,2,100.6,Lökbatan,Bakı,1391.65
6451173,171999,AZN,3,54.5,20 Yanvar,Bakı,3155.94
6398928,227000,AZN,3,98.7,Bakıxanov,Bakı,2299.9
5443767,269748,AZN,1,57.7,Sea Breeze,Bakı,4675.01
4586280,661063,AZN,3,104.3,Ağ şəhər,Bakı,6338.09
4362132,686443,AZN,3,103.9,Ağ şəhər,Bakı,6606.77
6478273,175000,AZN,3,68.0,Yeni Günəşli,Bakı,2573.53
5516767,394944,AZN,2,70.4,Sea Breeze,Bakı,5610.0
6478926,450000,AZN,4,118.0,Mərdəkan,Bakı,3813.56
6426179,490000,AZN,7,170.0,Nardaran,Bakı,2882.35
6468239,259000,AZN,4,180.0,Saray,Bakı,1438.89
6471134,427000,AZN,3,106.7,Bakmil,Bakı,4001.87
6468230,385000,AZN,3,125.0,Şah İsmayıl Xətai,Bakı,3080.0
5801307,268000,AZN,4,160.0,Şüvəlan,Bakı,1675.0
6468078,192000,AZN,3,85.0,Əhmədli,Bakı,2258.82
5514370,465335,AZN,2,74.0,Sea Breeze,Bakı,6288.31
6423086,139900,AZN,2,55.0,Memar Əcəmi,Bakı,2543.64
6400972,530000,AZN,4,200.0,28 May,Bakı,2650.0
6318991,460377,AZN,3,106.2,Nardaran,Bakı,4335.0
5697512,465000,AZN,3,120.0,Şah İsmayıl Xətai,Bakı,3875.0
6419114,230000,AZN,3,105.0,8-ci kilometr,Bakı,2190.48
6439945,124900,AZN,4,100.0,Masazır,Bakı,1249.0
6440409,920000,AZN,4,220.0,Nəsimi,Bakı,4181.82
6476370,300000,AZN,4,148.9,Bakıxanov,Bakı,2014.78
6219375,215000,AZN,4,140.0,Bakıxanov,Bakı,1535.71
5505973,293046,AZN,2,101.4,Sea Breeze,Bakı,2890.0
6080553,855000,AZN,12,480.0,Həzi Aslanov,Bakı,1781.25
6457018,350000,AZN,3,110.0,Bibiheybət,Bakı,3181.82
6201530,425000,AZN,3,129.0,Nərimanov,Bakı,3294.57
6147926,655000,AZN,4,198.0,28 May,Bakı,3308.08
5504076,467432,AZN,2,98.2,Sea Breeze,Bakı,4760.0
5934247,570000,AZN,6,375.6,Şağan,Bakı,1517.57
6440367,740000,AZN,4,194.0,Nəsimi,Bakı,3814.43
6478372,397000,AZN,3,165.0,Nəsimi,Bakı,2406.06
6400830,320000,AZN,3,122.0,Şıxov,Bakı,2622.95
6457009,179500,AZN,3,60.0,Memar Əcəmi,Bakı,2991.67
6349185,292000,AZN,3,69.0,Bakmil,Bakı,4231.88
6457922,218000,AZN,3,75.0,Xalqlar Dostluğu,Bakı,2906.67
6398187,345000,AZN,3,105.0,28 May,Bakı,3285.71
6449762,369000,AZN,3,117.0,Nizami,Bakı,3153.85
6451963,399000,AZN,2,115.0,Xətai,Bakı,3469.57
5600151,424575,AZN,3,92.5,Sea Breeze,Bakı,4590.0
6454618,239000,AZN,4,148.0,Mərdəkan,Bakı,1614.86
6091316,134315,AZN,1,41.2,Nardaran,Bakı,3260.07
6255412,499000,AZN,3,132.5,Nardaran,Bakı,3766.04
6306825,245000,AZN,3,107.0,Xətai,Bakı,2289.72
6091284,280312,AZN,2,90.5,Nardaran,Bakı,3097.37
6091786,239955,AZN,2,73.9,Nardaran,Bakı,3247.02
6459234,231200,AZN,5,136.0,Masazır,Bakı,1700.0
6090824,135983,AZN,1,42.1,Nardaran,Bakı,3230.0
6091770,140280,AZN,1,43.0,Nardaran,Bakı,3262.33
6007298,820000,AZN,4,195.0,28 May,Bakı,4205.13
6293273,298000,AZN,3,75.0,Yasamal,Bakı,3973.33
6011006,580000,AZN,4,175.0,8 Noyabr,Bakı,3314.29
5929571,128000,AZN,3,90.0,Biləcəri,Bakı,1422.22
6473976,155000,AZN,4,133.5,Qaraçuxur,Bakı,1161.05
6427803,209500,AZN,3,65.0,İnşaatçılar,Bakı,3223.08
6376359,294000,AZN,3,140.0,Xətai,Bakı,2100.0
5505198,386844,AZN,1,64.1,Sea Breeze,Bakı,6035.01
4585521,661685,AZN,3,104.0,Ağ şəhər,Bakı,6362.36
4586415,657974,AZN,3,103.8,Ağ şəhər,Bakı,6338.86
6358288,1480000,AZN,7,798.0,Şüvəlan,Bakı,1854.64
6462079,134300,AZN,2,79.0,Masazır,Bakı,1700.0
6434081,650000,AZN,3,120.0,Şah İsmayıl Xətai,Bakı,5416.67
6437799,96000,AZN,2,62.0,Masazır,Bakı,1548.39
4451841,385917,AZN,2,96.6,Nardaran,Bakı,3995.0
6005770,89000,AZN,3,97.0,Ramana,Bakı,917.53
6097692,181500,AZN,2,65.0,Azadlıq Prospekti,Bakı,2792.31
6074258,311000,AZN,3,105.0,Elmlər Akademiyası,Bakı,2961.9
6368710,345000,AZN,4,155.0,Mərdəkan,Bakı,2225.81
5656223,365000,AZN,4,170.0,Şüvəlan,Bakı,2147.06
6379752,187000,AZN,4,140.0,Şüvəlan,Bakı,1335.71
6147075,365000,AZN,4,170.0,Mərdəkan,Bakı,2147.06
6390623,510000,AZN,4,165.0,Şüvəlan,Bakı,3090.91
6171313,1180000,AZN,6,330.0,Şüvəlan,Bakı,3575.76
5975672,290000,AZN,4,170.0,Mərdəkan,Bakı,1705.88
6294637,175000,AZN,4,135.0,Buzovna,Bakı,1296.3
6398992,375000,AZN,4,160.0,Şüvəlan,Bakı,2343.75
6448882,315000,AZN,2,74.0,Sea Breeze,Bakı,4256.76
6300641,450000,AZN,5,230.0,Mərdəkan,Bakı,1956.52
6448840,375000,AZN,2,74.0,Sea Breeze,Bakı,5067.57
6448858,229500,AZN,1,57.0,Sea Breeze,Bakı,4026.32
6110748,265000,AZN,4,150.0,Mərdəkan,Bakı,1766.67
5909404,210000,AZN,1,57.0,Sea Breeze,Bakı,3684.21
6454273,73000,AZN,2,80.2,Yasamal,Bakı,910.22
6162089,365000,AZN,4,190.0,Mərdəkan,Bakı,1921.05
6346006,410000,AZN,4,180.0,Həzi Aslanov,Bakı,2277.78
6456906,410000,AZN,3,143.0,Nəsimi,Bakı,2867.13
6309565,1080000,AZN,4,176.7,Ağ şəhər,Bakı,6112.05
6316749,188000,AZN,3,60.0,Memar Əcəmi,Bakı,3133.33
6448815,210000,AZN,1,60.0,Nardaran,Bakı,3500.0
5909818,259000,AZN,3,96.0,Nərimanov,Bakı,2697.92
6097835,293900,AZN,3,48.0,Sahil,Bakı,6122.92
6419384,917600,AZN,4,248.0,Nəsimi,Bakı,3700.0
6374947,1150000,AZN,4,258.0,Bayıl,Bakı,4457.36
6387453,156000,AZN,2,55.0,20 Yanvar,Bakı,2836.36
6405106,283560,AZN,2,69.5,Nardaran,Bakı,4080.0
6437297,270000,AZN,3,90.0,Şah İsmayıl Xətai,Bakı,3000.0
6299486,190513,AZN,2,40.9,Nardaran,Bakı,4658.02
6473254,159000,AZN,2,60.0,Yeni Günəşli,Bakı,2650.0
6467029,78500,AZN,1,30.0,Buzovna,Bakı,2616.67
6286872,200000,AZN,5,160.0,Yeni Günəşli,Bakı,1250.0
6417678,290000,AZN,3,70.0,Nəriman Nərimanov,Bakı,4142.86
6299431,231608,AZN,1,52.4,Nardaran,Bakı,4420.0
6470715,203000,AZN,4,137.0,Saray,Xırdalan,1481.75
6442919,130000,AZN,3,100.0,Novxanı,Bakı,1300.0
6428728,300000,AZN,3,96.0,20 Yanvar,Bakı,3125.0
6369753,265000,AZN,3,101.0,İnşaatçılar,Bakı,2623.76
6219925,161288,AZN,1,34.5,Nardaran,Bakı,4675.01
6370874,169000,AZN,2,80.0,İnşaatçılar,Bakı,2112.5
6330852,223958,AZN,1,37.6,Nardaran,Bakı,5956.33
6426360,280000,AZN,2,69.0,Sea Breeze,Bakı,4057.97
6465893,128000,AZN,1,30.0,Sea Breeze,Bakı,4266.67
6220943,453700,AZN,2,69.3,Nardaran,Bakı,6546.9
6472938,379500,AZN,4,175.0,Memar Əcəmi,Bakı,2168.57
6472784,325000,AZN,3,110.0,Azadlıq Prospekti,Bakı,2954.55
6234202,650643,AZN,2,90.9,Nardaran,Bakı,7157.79
6478451,145000,AZN,2,67.0,Saray,Bakı,2164.18
6371620,220000,AZN,4,160.0,Şüvəlan,Bakı,1375.0
6289607,195000,AZN,4,135.0,Şüvəlan,Bakı,1444.44
5840948,590000,AZN,4,250.0,Mərdəkan,Bakı,2360.0
5523258,820000,AZN,5,250.0,Mərdəkan,Bakı,3280.0
4832955,750000,AZN,6,400.0,Mərdəkan,Bakı,1875.0
6176535,845000,AZN,6,400.0,Şüvəlan,Bakı,2112.5
6175863,305000,AZN,4,160.0,Şüvəlan,Bakı,1906.25
4909881,480000,AZN,4,220.0,Mərdəkan,Bakı,2181.82
6286725,187000,AZN,4,145.0,Şüvəlan,Bakı,1289.66
6034487,291312,AZN,2,61.2,Nardaran,Bakı,4760.0
6379958,62000,AZN,3,60.0,Hökməli,Bakı,1033.33
6375980,375000,AZN,4,160.0,Şüvəlan,Bakı,2343.75
3760528,247500,AZN,1,55.0,Nəsimi,Bakı,4500.0
6428009,529181,AZN,2,76.8,Nardaran,Bakı,6890.38
5805433,431340,AZN,3,102.7,Nəsimi,Bakı,4200.0
6102920,298000,AZN,4,103.0,Nəriman Nərimanov,Bakı,2893.2
6304815,268000,AZN,2,84.0,Nəriman Nərimanov,Bakı,3190.48
6461851,168000,AZN,3,102.0,Abşeron,Xırdalan,1647.06
6034177,250512,AZN,2,73.7,Nardaran,Bakı,3399.08
6323014,132500,AZN,2,77.8,Lökbatan,Bakı,1703.08
6384961,199000,AZN,3,113.5,Yeni Günəşli,Bakı,1753.3
6339379,324000,AZN,2,82.0,Dərnəgül,Bakı,3951.22
6451466,175000,AZN,3,115.0,Buzovna,Bakı,1521.74
6478382,198000,AZN,2,90.0,Biləcəri,Bakı,2200.0
5906152,1140000,AZN,2,98.0,Nəsimi,Bakı,11632.65
6431998,285940,AZN,1,58.0,Nardaran,Bakı,4930.0
6408290,213000,AZN,3,105.0,Əhmədli,Bakı,2028.57
5951405,378000,AZN,2,96.0,Bayıl,Bakı,3937.5
5670536,547613,AZN,2,85.9,Nardaran,Bakı,6375.01
6214597,280000,AZN,3,125.0,Badamdar,Bakı,2240.0
6473615,117000,AZN,2,60.0,İnşaatçılar,Bakı,1950.0
6414824,255000,AZN,3,127.0,Memar Əcəmi,Bakı,2007.87
6432955,130000,AZN,2,35.0,28 May,Bakı,3714.29
5663441,219555,AZN,1,41.0,Nardaran,Bakı,5355.0
6221479,98000,AZN,3,100.0,Kürdəxanı,Bakı,980.0
5657189,229322,AZN,1,52.9,Nardaran,Bakı,4335.01
4387445,656180,AZN,4,187.48,28 May,Bakı,3500.0
5880278,708000,AZN,4,236.0,28 May,Bakı,3000.0
4387430,472150,AZN,3,134.9,28 May,Bakı,3500.0
4387394,381045,AZN,3,108.87,28 May,Bakı,3500.0
4984526,388480,AZN,3,121.4,28 May,Bakı,3200.0
5730631,521400,AZN,3,173.8,28 May,Bakı,3000.0
6349093,430000,AZN,3,145.0,Şah İsmayıl Xətai,Bakı,2965.52
5771556,400000,AZN,3,135.0,Şah İsmayıl Xətai,Bakı,2962.96
6425529,162000,AZN,2,60.0,Memar Əcəmi,Bakı,2700.0
5724754,205264,AZN,1,47.4,Nardaran,Bakı,4330.46
6477935,598000,AZN,4,290.0,İnşaatçılar,Bakı,2062.07
6476011,165000,AZN,1,45.0,Gənclik,Bakı,3666.67
6434539,510000,AZN,3,125.0,Şah İsmayıl Xətai,Bakı,4080.0
5443920,308448,AZN,2,100.8,Sea Breeze,Bakı,3060.0
6451497,344640,AZN,3,107.7,Azadlıq Prospekti,Bakı,3200.0
6049090,205000,AZN,1,54.0,Sea Breeze,Bakı,3796.3
5443739,290955,AZN,2,81.5,Sea Breeze,Bakı,3570.0
6267006,375000,AZN,2,68.0,Şah İsmayıl Xətai,Bakı,5514.71
5516616,259080,AZN,1,50.8,Sea Breeze,Bakı,5100.0
5628256,400000,AZN,4,200.0,Elmlər Akademiyası,Bakı,2000.0
5514453,639520,AZN,2,129.8,Sea Breeze,Bakı,4926.96
6392222,235000,AZN,2,60.0,Elmlər Akademiyası,Bakı,3916.67
5717428,344640,AZN,3,107.7,Azadlıq Prospekti,Bakı,3200.0
6147822,333870,AZN,3,107.7,Azadlıq Prospekti,Bakı,3100.0
6148461,341000,AZN,3,110.0,Azadlıq Prospekti,Bakı,3100.0
6202455,341000,AZN,3,110.0,Azadlıq Prospekti,Bakı,3100.0
6426070,540000,AZN,3,159.0,8 Noyabr,Bakı,3396.23
6419961,580000,AZN,7,450.0,Badamdar,Bakı,1288.89
6467685,485000,AZN,3,86.0,Ağ şəhər,Bakı,5639.53
5721965,63000,AZN,4,108.0,Novxanı,Bakı,583.33
6311887,420000,AZN,4,145.0,İçəri Şəhər,Bakı,2896.55
6082899,322000,AZN,3,100.0,Elmlər Akademiyası,Bakı,3220.0
6445134,130000,AZN,2,60.0,Köhnə Günəşli,Bakı,2166.67
6474015,117000,AZN,3,138.0,Hövsan,Bakı,847.83
5404076,355000,AZN,3,110.0,Nizami,Bakı,3227.27
6321635,387000,AZN,2,85.0,Şah İsmayıl Xətai,Bakı,4552.94
6463148,146000,AZN,4,81.7,Buzovna,Bakı,1787.03
6414716,429000,AZN,3,106.0,Nəriman Nərimanov,Bakı,4047.17
6318995,476339,AZN,4,134.1,Nardaran,Bakı,3552.12
5976027,290000,AZN,4,170.0,Mərdəkan,Bakı,1705.88
6146693,555000,AZN,5,300.0,Mərdəkan,Bakı,1850.0
6395966,120000,AZN,3,68.0,Masazır,Bakı,1764.71
6059886,450000,AZN,4,184.0,Nəriman Nərimanov,Bakı,2445.65
6211674,270000,AZN,4,140.0,Şüvəlan,Bakı,1928.57
6390777,325000,AZN,3,147.0,8-ci mikrorayon,Bakı,2210.88
6376906,295000,AZN,3,125.0,İnşaatçılar,Bakı,2360.0
5824417,144450,AZN,4,107.0,Məmmədli,Bakı,1350.0
5883708,99900,AZN,2,74.0,Məmmədli,Bakı,1350.0
5504945,459306,AZN,2,94.8,Sea Breeze,Bakı,4845.0
5827517,181000,AZN,2,56.5,Yasamal,Bakı,3203.54
5056392,300000,AZN,1,75.0,Sea Breeze,Bakı,4000.0
4967643,236168,AZN,2,89.1,Dərnəgül,Bakı,2650.59
6454440,450000,AZN,3,90.0,Sahil,Bakı,5000.0
6458630,120000,AZN,2,35.0,Memar Əcəmi,Bakı,3428.57
6404756,220000,AZN,3,126.3,Nizami,Bakı,1741.88
4768323,1200000,AZN,5,230.0,Nardaran,Bakı,5217.39
5827932,233400,AZN,2,77.8,20 Yanvar,Bakı,3000.0
6465534,262150,AZN,3,74.9,20 Yanvar,Bakı,3500.0
6412250,198000,AZN,2,46.0,Koroğlu,Bakı,4304.35
5504127,416500,AZN,2,98.0,Sea Breeze,Bakı,4250.0
6442333,155000,AZN,2,45.0,Avtovağzal,Bakı,3444.44
6391494,140000,AZN,1,57.0,Sea Breeze,Bakı,2456.14
5010781,279000,AZN,1,47.0,Sea Breeze,Bakı,5936.17
6049365,414000,AZN,2,102.0,Sea Breeze,Bakı,4058.82
6412501,765000,AZN,3,139.0,Sea Breeze,Bakı,5503.6
6412505,409000,AZN,2,78.0,Sea Breeze,Bakı,5243.59
6412495,299000,AZN,1,57.0,Sea Breeze,Bakı,5245.61
4158518,538500,AZN,4,179.5,8 Noyabr,Bakı,3000.0
4090254,401082,AZN,3,129.8,8 Noyabr,Bakı,3090.0
4223527,401700,AZN,3,130.0,8 Noyabr,Bakı,3090.0
3916315,283081,AZN,3,89.3,8 Noyabr,Bakı,3170.0
6283839,353000,AZN,3,134.0,8 Noyabr,Bakı,2634.33
3916248,289731,AZN,3,89.7,8 Noyabr,Bakı,3230.0
4114907,436800,AZN,3,130.0,8 Noyabr,Bakı,3360.0
4170452,163115,AZN,2,50.5,8 Noyabr,Bakı,3230.0
4114924,263360,AZN,3,82.3,8 Noyabr,Bakı,3200.0
4090316,554655,AZN,4,179.5,8 Noyabr,Bakı,3090.0
5936841,233000,AZN,2,98.0,Nardaran,Bakı,2377.55
5869316,232000,AZN,2,76.0,Nardaran,Bakı,3052.63
4223502,404976,AZN,3,129.8,8 Noyabr,Bakı,3120.0
4057824,158570,AZN,2,50.5,8 Noyabr,Bakı,3140.0
4530269,536928,AZN,3,150.4,Nardaran,Bakı,3570.0
4127590,287040,AZN,3,89.7,8 Noyabr,Bakı,3200.0
4076305,164630,AZN,2,50.5,8 Noyabr,Bakı,3260.0
4170473,268298,AZN,3,82.3,8 Noyabr,Bakı,3260.0
4158487,160085,AZN,2,50.5,8 Noyabr,Bakı,3170.0
3334218,245000,AZN,1,59.4,Nardaran,Bakı,4124.58
4672911,165500,AZN,1,48.0,Nardaran,Bakı,3447.92
6295052,272000,AZN,1,54.0,Sea Breeze,Bakı,5037.04
4212393,174000,AZN,1,58.0,Nardaran,Bakı,3000.0
6444730,420000,AZN,3,161.0,Nəriman Nərimanov,Bakı,2608.7
4810709,935000,AZN,7,310.0,Nardaran,Bakı,3016.13
6133209,655000,AZN,3,148.0,Elmlər Akademiyası,Bakı,4425.68
6424169,118500,AZN,1,42.0,Binəqədi,Bakı,2821.43
4435565,279000,AZN,1,57.0,Nardaran,Bakı,4894.74
5066956,705500,AZN,3,138.0,Sea Breeze,Bakı,5112.32
4513499,548505,AZN,1,71.7,Nardaran,Bakı,7650.0
6460421,128000,AZN,2,45.0,Memar Əcəmi,Bakı,2844.44
6475894,365000,AZN,4,153.0,Nəriman Nərimanov,Bakı,2385.62
6464217,644000,AZN,4,127.0,Şah İsmayıl Xətai,Bakı,5070.87
6475821,420000,AZN,4,173.0,Səbail,Bakı,2427.75
6255305,375000,AZN,3,136.0,8 Noyabr,Bakı,2757.35
4738960,314250,AZN,1,75.0,Nizami,Bakı,4190.0
6252246,955500,AZN,3,195.0,Nizami,Bakı,4900.0
6029528,353460,AZN,2,86.0,Nizami,Bakı,4110.0
4738972,505440,AZN,2,117.0,Nizami,Bakı,4320.0
6029578,487890,AZN,2,117.0,Nizami,Bakı,4170.0
6041364,1013460,AZN,5,254.0,Nizami,Bakı,3990.0
6041162,1023700,AZN,4,290.0,Nizami,Bakı,3530.0
6250444,1125650,AZN,5,235.0,Nizami,Bakı,4790.0
6041094,768570,AZN,4,187.0,Nizami,Bakı,4110.0
6250487,615450,AZN,3,165.0,Nizami,Bakı,3730.0
5146201,632940,AZN,3,154.0,Nizami,Bakı,4110.0
5798925,574000,AZN,3,117.0,Ağ şəhər,Bakı,4905.98
6224003,318000,AZN,3,109.0,20 Yanvar,Bakı,2917.43
6029618,491400,AZN,2,117.0,Nizami,Bakı,4200.0
6466051,345000,AZN,2,68.0,Elmlər Akademiyası,Bakı,5073.53
5646958,790000,AZN,4,225.0,Nərimanov,Bakı,3511.11
4744384,648740,AZN,3,163.0,Nizami,Bakı,3980.0
4744383,665040,AZN,3,163.0,Nizami,Bakı,4080.0
4893906,513630,AZN,2,117.0,Nizami,Bakı,4390.0
4738969,908600,AZN,4,220.0,Nizami,Bakı,4130.0
4738965,968820,AZN,4,241.0,Nizami,Bakı,4020.0
6418253,175000,AZN,3,72.0,Bakıxanov,Bakı,2430.56
5972621,253000,AZN,4,105.0,Xalqlar Dostluğu,Bakı,2409.52
6399519,175000,AZN,4,189.3,Məmmədli,Bakı,924.46
6466346,345000,AZN,2,68.0,Elmlər Akademiyası,Bakı,5073.53
5946115,199000,AZN,2,45.0,Nərimanov,Bakı,4422.22
6248327,240000,AZN,2,100.0,Nəsimi,Bakı,2400.0
6284402,210000,AZN,3,60.0,Nəsimi,Bakı,3500.0
6403831,175000,AZN,4,110.0,Şüvəlan,Bakı,1590.91
6403821,390000,AZN,4,170.0,Mərdəkan,Bakı,2294.12
5862835,105700,AZN,2,75.5,Masazır,Bakı,1400.0
6064294,310000,AZN,4,110.0,7-ci mikrorayon,Bakı,2818.18
6273855,355000,AZN,3,113.0,Azadlıq Prospekti,Bakı,3141.59
5501175,286671,AZN,2,80.3,Sea Breeze,Bakı,3570.0
6433953,410000,AZN,3,152.0,Badamdar,Bakı,2697.37
6450843,194800,AZN,3,73.0,Yeni Günəşli,Bakı,2668.49
6316898,249000,AZN,3,131.0,Yeni Yasamal,Bakı,1900.76
6222651,365000,AZN,3,116.0,Nəsimi,Bakı,3146.55
6238695,325000,AZN,3,79.0,Nəsimi,Bakı,4113.92
5642771,142560,AZN,4,105.6,Məmmədli,Bakı,1350.0
6223302,755000,AZN,4,185.0,Elmlər Akademiyası,Bakı,4081.08
6157412,877000,AZN,5,320.0,Bilgəh,Bakı,2740.62
4967505,244755,AZN,3,90.6,Dərnəgül,Bakı,2701.49
4965966,229880,AZN,2,82.1,Dərnəgül,Bakı,2800.0
4967529,282750,AZN,3,113.1,Dərnəgül,Bakı,2500.0
6297859,295000,AZN,3,134.0,Əhmədli,Bakı,2201.49
5047064,909500,AZN,5,267.5,Nizami,Bakı,3400.0
5873323,2539300,AZN,5,379.0,Bayıl,Bakı,6700.0
6358629,282278,AZN,2,64.0,Sea Breeze,Bakı,4410.59
6307508,230000,AZN,4,130.0,Şüvəlan,Bakı,1769.23
6284004,285000,AZN,4,155.0,Şüvəlan,Bakı,1838.71
6211954,248000,AZN,4,160.0,Şüvəlan,Bakı,1550.0
6306883,370000,AZN,4,155.0,Mərdəkan,Bakı,2387.1
5646814,1132380,AZN,4,251.6,Şah İsmayıl Xətai,Bakı,4500.72
