id,price,currency,rooms,area,location,city
6431979,257499,AZN,1,56.1,Nardaran,Bakı
6457609,130000,AZN,,5.5,Fatmayı,Bakı
6439440,85000,AZN,3,100.0,Abşeron,Bakı
6443448,255000,AZN,3,80.0,Yasamal,Bakı
6418708,365000,AZN,4,142.0,Qara Qarayev,Bakı
3466697,909500,AZN,5,267.5,Nizami,Bakı
6386543,735000,AZN,4,160.0,Nizami,Bakı
5044313,456000,AZN,2,114.0,Nizami,Bakı
6475575,800,AZN,2,85.0,Qara Qarayev,Bakı
5047008,783360,AZN,4,230.4,Nizami,Bakı
5047084,909500,AZN,5,267.5,Nəsimi,Bakı
5786668,416000,AZN,2,104.0,Nizami,Bakı
6472459,114000,AZN,3,80.0,Masazır,Bakı
5555449,449616,AZN,2,82.7,Sea Breeze,Bakı
5786592,348000,AZN,2,87.0,Nizami,Bakı
5047211,592960,AZN,3,174.4,Nizami,Bakı
6458467,260000,AZN,4,135.0,Xocəsən,Bakı
4078471,606060,AZN,4,163.8,Nizami,Bakı
6382259,383775,AZN,2,90.3,Nardaran,Bakı
6462931,199000,AZN,3,107.0,Zığ,Bakı
6321462,342000,AZN,3,148.0,Həzi Aslanov,Bakı
6480014,148000,AZN,2,55.0,20 Yanvar,Bakı
6447644,1200,AZN,2,104.0,Şah İsmayıl Xətai,Bakı
6332689,2500,AZN,,103.0,Gənclik,Bakı
6457552,270000,AZN,1,46.0,Nardaran,Bakı
6473124,115000,AZN,1,44.0,Sea Breeze,Bakı
6473127,170000,AZN,2,65.0,Sea Breeze,Bakı
6473129,120000,AZN,1,44.0,Sea Breeze,Bakı
6473131,91000,AZN,1,38.0,Sea Breeze,Bakı
5863380,395148,AZN,2,89.4,Nardaran,Bakı
5863392,454580,AZN,3,95.5,Nardaran,Bakı
6408660,1050600,AZN,,103.0,Gənclik,Bakı
6401117,3000,AZN,,156.0,Gənclik,Bakı
6401165,7000,AZN,,827.0,Gənclik,Bakı
6184625,690000,AZN,4,210.0,İçəri Şəhər,Bakı
6346834,385000,AZN,3,116.0,28 May,Bakı
4472923,118400,AZN,2,74.0,,Sumqayıt
6477040,68000,AZN,3,110.0,Dübəndi,Bakı
6459403,170000,AZN,2,65.6,20 Yanvar,Bakı
5647358,395000,AZN,3,140.0,Nəriman Nərimanov,Bakı
6347322,570000,AZN,4,210.0,Nəsimi,Bakı
6390499,108000,AZN,,6.0,Sea Breeze,Bakı
6480790,199000,AZN,3,80.0,Həzi Aslanov,Bakı
5600400,300000,AZN,,120.0,,Sumqayıt
6430997,32900,AZN,,11.0,,Quba
6329939,14000,AZN,13,530.0,28 May,Bakı
4882682,190,AZN,5,185.0,,Qusar
6223640,1071,AZN,3,174.0,Koroğlu,Bakı
6352409,350000,AZN,6,390.0,Pirşağı,Bakı
6471481,108500,AZN,2,50.0,,Xırdalan
6438598,255000,AZN,2,65.0,Dərnəgül,Bakı
6447846,650000,AZN,4,195.0,28 May,Bakı
6385382,195000,AZN,3,70.0,Memar Əcəmi,Bakı
6458089,239000,AZN,3,90.0,Əhmədli,Bakı
6384520,163000,AZN,2,58.0,Memar Əcəmi,Bakı
6400993,210000,AZN,10,600.0,Novxanı,Bakı
6329692,105000,AZN,3,82.0,Binə,Bakı
6473339,178000,AZN,3,76.0,Yeni Günəşli,Bakı
6379586,115000,AZN,2,50.0,Həzi Aslanov,Bakı
6336682,325000,AZN,3,100.0,Şah İsmayıl Xətai,Bakı
6419742,494784,AZN,4,154.6,Badamdar,Bakı
6477938,114400,AZN,,8.8,Nardaran,Bakı
6231360,1400,AZN,2,94.0,28 May,Bakı
6471657,188000,AZN,5,150.0,Bakıxanov,Bakı
6478337,2800000,AZN,,700.0,Maştağa,Bakı
6480660,450000,AZN,2,100.0,Nəriman Nərimanov,Bakı
6439224,53000,AZN,,5.0,Nardaran,Bakı
6454791,700,AZN,1,55.0,Nərimanov,Bakı
6419736,332134,AZN,2,107.4,Badamdar,Bakı
6467295,435000,AZN,4,190.0,Nəsimi,Bakı
6344624,160000,AZN,,29.0,,Qəbələ
6303683,1200,AZN,3,134.0,Sea Breeze,Bakı
6452948,1000,AZN,2,100.0,Gənclik,Bakı
6020217,495000,AZN,3,93.0,Sea Breeze,Bakı
6468920,3500,AZN,,800.0,Sabunçu,Bakı
6476374,187000,AZN,3,80.0,Bakıxanov,Bakı
6401072,1750000,AZN,7,600.0,Şıxov,Bakı
5979204,690000,AZN,6,230.0,Buzovna,Bakı
6411794,565000,AZN,3,120.0,Nizami,Bakı
6279253,499000,AZN,3,200.0,Mərdəkan,Bakı
6414486,28000,AZN,,5.0,Mərdəkan,Bakı
6422602,650000,AZN,3,400.0,Nəriman Nərimanov,Bakı
5790039,1500,AZN,3,83.2,Səbail,Bakı
6089494,300000,AZN,,2000.0,Mehdiabad,Bakı
5768893,3000000,AZN,,5000.0,Mehdiabad,Bakı
6000221,1600,AZN,3,167.0,Nizami,Bakı
6337926,920000,AZN,,36.5,Mərdəkan,Bakı
6365591,458000,AZN,3,117.0,Gənclik,Bakı
6355164,6000,AZN,,200.0,Şah İsmayıl Xətai,Bakı
5896100,9500,AZN,,576.0,20 Yanvar,Bakı
6431881,450000,AZN,,18.0,Mərdəkan,Bakı
6248620,61000,AZN,,7.4,Türkan,Bakı
6475819,1208000,AZN,,302.0,Nərimanov,Bakı
6224089,131800,AZN,2,44.0,Əhmədli,Bakı
6326061,12800,AZN,,2.5,Türkan,Bakı
6479654,145000,AZN,3,55.0,Həzi Aslanov,Bakı
6474700,695000,AZN,4,152.0,Nəsimi,Bakı
6473184,450000,AZN,,14.0,Saray,Bakı
6424051,20000,AZN,,557.0,Ağ şəhər,Bakı
6419656,410000,AZN,3,152.0,Badamdar,Bakı
6463755,500,AZN,3,90.0,Abşeron,Xırdalan
6394866,159558,AZN,1,58.0,Yeni Yasamal,Bakı
6394910,204120,AZN,2,81.0,Yeni Yasamal,Bakı
6342611,278999,AZN,2,80.0,8 Noyabr,Bakı
6395050,292404,AZN,3,118.0,Yeni Yasamal,Bakı
6395144,321930,AZN,4,146.0,Yeni Yasamal,Bakı
6454101,285000,AZN,2,110.0,Nəsimi,Bakı
6409676,79500,AZN,2,87.0,Masazır,Bakı
6422927,37000,AZN,,4.5,Maştağa,Bakı
6475717,4000,AZN,,250.0,Nəriman Nərimanov,Bakı
6455429,80000,AZN,,5.0,Albalılıq,Bakı
5902710,191000,AZN,3,95.0,Lökbatan,Bakı
6442475,800,AZN,2,63.0,Şah İsmayıl Xətai,Bakı
6360595,115500,AZN,2,55.0,,Xırdalan
6437192,450000,AZN,2,101.0,Nəriman Nərimanov,Bakı
6479709,138000,AZN,2,50.0,20 Yanvar,Bakı
6458506,149000,AZN,4,120.0,Masazır,Bakı
6357130,200000,AZN,2,65.0,Gənclik,Bakı
6432514,239000,AZN,1,49.8,Sea Breeze,Bakı
6375171,256000,AZN,2,72.1,7-ci mikrorayon,Bakı
6374912,2200000,AZN,,3200.0,Xəzər,Bakı
6475474,235000,AZN,3,101.0,Həzi Aslanov,Bakı
6479533,380000,AZN,6,250.0,Bilgəh,Bakı
6134388,227000,AZN,8,205.0,Mehdiabad,Bakı
6243634,60000,AZN,,20.0,,Quba
6479001,550000,AZN,4,170.0,Nəsimi,Bakı
6412547,400000,AZN,,500.0,28 May,Bakı
6223078,310000,AZN,3,144.0,28 May,Bakı
6286399,224000,AZN,3,114.0,Həzi Aslanov,Bakı
6475707,230000,AZN,4,211.6,Pirallahı,Bakı
5566735,429000,AZN,4,173.0,Koroğlu,Bakı
6430058,309000,AZN,5,230.0,Novxanı,Bakı
6437620,75000,AZN,,10.0,Məmmədli,Bakı
6480711,1750,AZN,2,80.0,Şah İsmayıl Xətai,Bakı
6409683,310000,AZN,3,137.0,8-ci kilometr,Bakı
6221698,795000,AZN,4,185.0,Elmlər Akademiyası,Bakı
6394378,86500,AZN,2,55.0,Masazır,Bakı
6480678,209000,AZN,4,190.0,Buzovna,Bakı
5301180,83000,AZN,2,45.0,Masazır,Bakı
6248502,83000,AZN,2,44.0,Masazır,Bakı
6306555,430000,AZN,5,364.0,Şağan,Bakı
6475320,210000,AZN,2,70.0,Yasamal,Bakı
6368664,445,AZN,3,90.0,Avtovağzal,Bakı
6478857,234500,AZN,2,75.0,İçəri Şəhər,Bakı
6260372,149000,AZN,3,120.0,Novxanı,Bakı
6464046,345000,AZN,3,116.0,Memar Əcəmi,Bakı
5932037,2500,AZN,4,205.0,Elmlər Akademiyası,Bakı
6433422,450000,AZN,2,100.0,Nəriman Nərimanov,Bakı
6389924,600000,AZN,,200.0,Əhmədli,Bakı
6319499,450000,AZN,2,100.0,Nəriman Nərimanov,Bakı
6478136,108000,AZN,,48.0,Türkan,Bakı
6479261,400000,AZN,3,165.0,Nəriman Nərimanov,Bakı
6473282,400000,AZN,6,315.0,Nəriman Nərimanov,Bakı
6464382,240000,AZN,,12.0,Şıxov,Bakı
6464360,405000,AZN,,8.0,Bakıxanov,Bakı
6464376,615000,AZN,,18.0,Badamdar,Bakı
6447570,5000,AZN,8,550.0,Azadlıq Prospekti,Bakı
6479033,145000,AZN,,7.0,Şıxov,Bakı
6454485,800,AZN,4,100.0,Bakıxanov,Bakı
6441937,4000,AZN,,250.0,Nəriman Nərimanov,Bakı
6045191,110,AZN,4,250.0,Novxanı,Bakı
6452870,2000,AZN,5,180.0,Mərdəkan,Bakı
6461236,450000,AZN,2,100.0,Nəriman Nərimanov,Bakı
6477914,204000,AZN,2,59.0,Nəriman Nərimanov,Bakı
6480617,138000,AZN,2,65.0,,Xırdalan
6223036,950,AZN,,150.0,Əhmədli,Bakı
6444038,107000,AZN,2,53.0,,Xırdalan
6164714,47000,AZN,,8.0,Qobu,Bakı
6453668,365000,AZN,3,92.0,Nəsimi,Bakı
6081441,187000,AZN,2,65.0,Əhmədli,Bakı
6478495,118000,AZN,4,85.0,Bülbülə,Bakı
6080561,202000,AZN,3,96.0,Həzi Aslanov,Bakı
6479901,165000,AZN,2,70.0,Yeni Yasamal,Bakı
6180458,195500,AZN,,8.0,Bilgəh,Bakı
6263455,2300,AZN,8,330.0,Nəsimi,Bakı
6478810,285000,AZN,3,107.0,Əhmədli,Bakı
6438089,65000,AZN,3,100.0,,Xırdalan
6447067,165000,AZN,1,62.0,Həzi Aslanov,Bakı
5639405,120,AZN,3,120.0,Ağ şəhər,Bakı
6088135,85,AZN,2,98.0,Şah İsmayıl Xətai,Bakı
6353131,74250,AZN,,4.5,Nardaran,Bakı
4936758,100,AZN,2,95.0,Ağ şəhər,Bakı
6281992,700,AZN,2,78.0,Xətai,Bakı
6476193,185000,AZN,3,83.0,Bakıxanov,Bakı
6148675,270000,AZN,3,101.0,Nəriman Nərimanov,Bakı
6480102,235000,AZN,4,160.0,Mərdəkan,Bakı
6412525,143000,AZN,2,65.0,Abşeron,Xırdalan
6477277,160000,AZN,2,114.0,28 May,Bakı
6477285,25500,AZN,,4.0,Dübəndi,Bakı
6477269,135000,AZN,,6.0,Mərdəkan,Bakı
6478105,1800000,AZN,,3000.0,Kürdəxanı,Bakı
5749119,115000,AZN,,55.0,Masazır,Bakı
6459503,248000,AZN,3,107.0,Həzi Aslanov,Bakı
6386350,249000,AZN,3,103.0,Xalqlar Dostluğu,Bakı
6439162,4000,AZN,,250.0,Nəriman Nərimanov,Bakı
6290542,300000,AZN,,11.4,Mərdəkan,Bakı
6411625,900,AZN,2,70.0,Nəriman Nərimanov,Bakı
6478417,117500,AZN,4,90.0,Bülbülə,Bakı
6371660,265000,AZN,2,100.0,Binəqədi,Bakı
6446498,207000,AZN,3,95.0,Abşeron,Xırdalan
6478405,289000,AZN,4,120.0,Nəsimi,Bakı
6358673,215000,AZN,2,80.0,Nizami,Bakı
6375319,295000,AZN,2,100.0,Elmlər Akademiyası,Bakı
6406672,153000,AZN,3,70.0,Keşlə,Bakı
6404780,139000,AZN,2,45.0,Xalqlar Dostluğu,Bakı
6470582,132000,AZN,2,45.0,28 May,Bakı
6445114,66300,AZN,1,40.0,Masazır,Bakı
6192602,299000,AZN,5,400.0,Badamdar,Bakı
6404700,270000,AZN,5,89.7,İçəri Şəhər,Bakı
6376609,220000,AZN,,9.0,Novxanı,Bakı
6480344,950000,AZN,5,800.0,28 May,Bakı
6467237,177000,AZN,4,260.0,Masazır,Bakı
6403781,520200,AZN,,280.0,Biləcəri,Bakı
6475106,72000,AZN,2,40.0,Yeni Günəşli,Bakı
6472751,175000,AZN,3,65.0,Əhmədli,Bakı
6230988,189000,AZN,3,74.0,Nəsimi,Bakı
6274756,67500,AZN,3,110.0,Binə,Bakı
6351930,149000,AZN,2,50.0,Bayıl,Bakı
6479417,249000,AZN,3,83.0,Həzi Aslanov,Bakı
6469341,108000,AZN,2,44.0,Yeni Günəşli,Bakı
5919335,143000,AZN,2,67.0,Həzi Aslanov,Bakı
6009441,279000,AZN,2,77.0,Səbail,Bakı
6264360,950,AZN,1,44.0,Sea Breeze,Bakı
6476725,510,AZN,2,60.0,Qaraçuxur,Bakı
6090200,99000,AZN,,3.0,Mərdəkan,Bakı
6380393,100000,AZN,1,39.0,Sea Breeze,Bakı
6380408,97000,AZN,1,38.0,Sea Breeze,Bakı
6433237,128000,AZN,4,120.0,Binəqədi,Bakı
6172629,750000,AZN,5,400.0,Bilgəh,Bakı
6422476,188000,AZN,3,80.0,Qaraçuxur,Bakı
5776084,285000,AZN,1,58.0,Nardaran,Bakı
6464155,330000,AZN,2,65.0,Sea Breeze,Bakı
6300677,395000,AZN,,12.0,Buzovna,Bakı
6473114,110000,AZN,1,40.0,Sea Breeze,Bakı
6431818,132000,AZN,,12.0,Nardaran,Bakı
5521838,720000,AZN,,44.0,Nardaran,Bakı
6447764,88500,AZN,2,57.0,Masazır,Bakı
6447745,88500,AZN,2,54.0,Masazır,Bakı
6477850,153000,AZN,2,55.0,İnşaatçılar,Bakı
6169463,280000,AZN,6,240.0,Yeni Ramana,Bakı
6183050,440000,AZN,3,105.0,Koroğlu,Bakı
6386940,277219,AZN,2,70.9,Nardaran,Bakı
6475750,160000,AZN,6,160.0,Savalan,Bakı
6422618,163000,AZN,1,50.0,Sea Breeze,Bakı
5263470,816000,AZN,3,135.0,Sea Breeze,Bakı
5978391,570000,AZN,6,300.0,Bilgəh,Bakı
6473069,263500,AZN,1,43.0,Sea Breeze,Bakı
6473100,350000,AZN,2,74.0,Sea Breeze,Bakı
6473095,360000,AZN,2,76.0,Sea Breeze,Bakı
5407427,320000,AZN,3,140.0,Nərimanov,Bakı
6480751,117000,AZN,2,60.0,İnşaatçılar,Bakı
6436517,12000,AZN,,384.0,Şah İsmayıl Xətai,Bakı
6468086,67500,AZN,2,50.0,Masazır,Bakı
6464118,115000,AZN,3,71.0,Masazır,Bakı
6400958,272000,AZN,3,125.0,İnşaatçılar,Bakı
6442290,295000,AZN,10,250.0,Zabrat,Bakı
6314571,365660,AZN,3,114.9,Nardaran,Bakı
6091147,258000,AZN,3,90.0,,Sumqayıt
6458356,19000,AZN,,4.0,Türkan,Bakı
6473078,635000,AZN,5,350.0,Mərdəkan,Bakı
6458345,115000,AZN,2,58.0,Zığ,Bakı
6330330,221995,AZN,1,53.3,Nardaran,Bakı
6456260,2000000,AZN,3,266.0,Sea Breeze,Bakı
6456270,350000,AZN,2,76.0,Sea Breeze,Bakı
6456274,350000,AZN,2,69.0,Sea Breeze,Bakı
6456290,207000,AZN,2,64.0,Sea Breeze,Bakı
6393075,565000,AZN,4,170.0,Nəsimi,Bakı
6052975,455000,AZN,6,350.0,Mərdəkan,Bakı
6373307,1250000,AZN,6,440.0,Şah İsmayıl Xətai,Bakı
6475720,237000,AZN,2,95.0,Nardaran,Bakı
6186818,615000,AZN,4,207.0,Nəsimi,Bakı
6220848,174420,AZN,1,36.0,Nardaran,Bakı
6477783,125000,AZN,2,52.0,Badamdar,Bakı
6399911,490000,AZN,3,108.0,Nizami,Bakı
6296775,679791,AZN,3,160.7,Nardaran,Bakı
6193083,550000,AZN,6,160.0,Nəriman Nərimanov,Bakı
6174392,300,AZN,5,340.0,Novxanı,Bakı
6222148,353658,AZN,1,48.4,Nardaran,Bakı
6411297,199900,AZN,2,56.2,Sea Breeze,Bakı
6428669,260000,AZN,5,120.0,Əhmədli,Bakı
5620441,220000,AZN,,1300.0,Qızıldaş,Bakı
6172913,520000,AZN,5,250.0,Mərdəkan,Bakı
6027878,384846,AZN,2,53.9,,Qusar
6470026,102500,AZN,2,63.0,Masazır,Bakı
6411390,198000,AZN,3,70.0,Bakıxanov,Bakı
6027981,239292,AZN,2,61.2,Nardaran,Bakı
6440600,728475,AZN,3,132.4,Elmlər Akademiyası,Bakı
6246806,155000,AZN,2,67.0,Həzi Aslanov,Bakı
6438371,48000,AZN,3,75.0,Kürdəxanı,Bakı
6150257,535000,AZN,5,350.0,Buzovna,Bakı
5971930,287491,AZN,2,72.3,Nardaran,Bakı
6270604,635000,AZN,3,162.0,Ağ şəhər,Bakı
6373779,680000,AZN,3,108.0,Ağ şəhər,Bakı
6406676,250000,AZN,3,100.0,Bayıl,Bakı
6373818,4000,AZN,3,108.0,Ağ şəhər,Bakı
6450934,210000,AZN,3,67.0,İnşaatçılar,Bakı
6464402,2800,AZN,,45.0,Sahil,Bakı
4550787,792000,AZN,,264.0,İçəri Şəhər,Bakı
6452312,185000,AZN,3,63.0,Əhmədli,Bakı
6163070,145000,AZN,3,85.0,Biləcəri,Bakı
6431725,600000,AZN,,15.0,Mərdəkan,Bakı
6399579,41500,AZN,2,80.0,,Xırdalan
5676019,472464,AZN,1,57.9,Nardaran,Bakı
6376336,1200,AZN,,150.0,Bakıxanov,Bakı
5818478,133000,AZN,4,136.0,Mehdiabad,Bakı
6461300,253000,AZN,2,103.8,Sea Breeze,Bakı
5659944,230233,AZN,1,57.6,Nardaran,Bakı
6461146,468000,AZN,4,156.0,8 Noyabr,Bakı
6480498,1062000,AZN,,90.0,Nərimanov,Bakı
6450510,450000,AZN,2,81.8,Ağ şəhər,Bakı
5662936,285447,AZN,1,57.9,Nardaran,Bakı
6436011,380000,AZN,1,67.1,Ağ şəhər,Bakı
6247023,135000,AZN,2,73.0,Avtovağzal,Bakı
5444297,358658,AZN,3,84.4,Sea Breeze,Bakı
6271339,280000,AZN,4,140.0,Mərdəkan,Bakı
5767279,150000,AZN,,100.0,Məmmədli,Bakı
6466776,122000,AZN,3,92.7,,Xırdalan
6472980,105000,AZN,,6.0,Bilgəh,Bakı
6426668,450000,AZN,3,130.0,Nəriman Nərimanov,Bakı
6211662,270000,AZN,4,140.0,Şüvəlan,Bakı
6469965,395000,AZN,5,200.0,Mərdəkan,Bakı
5591807,250614,AZN,2,81.9,Sea Breeze,Bakı
6406713,1000,AZN,2,52.0,İçəri Şəhər,Bakı
6131153,3000000,AZN,,100.0,Lökbatan,Bakı
6433835,248880,AZN,1,61.0,Nardaran,Bakı
6464020,150000,AZN,,130.0,Binə,Bakı
5932496,240000,AZN,4,160.0,Şüvəlan,Bakı
6275880,250000,AZN,,75.0,Zabrat,Bakı
6453680,495000,AZN,4,180.0,Şüvəlan,Bakı
5443704,231336,AZN,1,56.7,Sea Breeze,Bakı
6464007,585000,AZN,4,170.0,Mərdəkan,Bakı
6190260,290000,AZN,4,180.0,Mərdəkan,Bakı
6461084,609000,AZN,6,420.0,Bilgəh,Bakı
6231449,229000,AZN,4,80.0,Həzi Aslanov,Bakı
6256953,250000,AZN,4,160.0,Şüvəlan,Bakı
6303020,310000,AZN,3,135.0,Qara Qarayev,Bakı
6368839,228000,AZN,2,60.0,Nərimanov,Bakı
5436469,2200,AZN,,184.0,Xətai,Bakı
6248609,219900,AZN,2,56.7,Nəsimi,Bakı
6477674,239000,AZN,3,80.0,Həzi Aslanov,Bakı
6469913,495000,AZN,,200.0,İçəri Şəhər,Bakı
6071510,40000,AZN,,8.0,Qobu,Bakı
6048046,256000,AZN,2,90.0,Nərimanov,Bakı
6467021,541260,AZN,2,76.7,Nardaran,Bakı
6461339,230000,AZN,2,96.0,20 Yanvar,Bakı
6309352,107000,AZN,2,77.5,Albalılıq,Bakı
6477661,170000,AZN,4,120.0,Savalan,Bakı
5950360,400000,AZN,4,177.5,Şah İsmayıl Xətai,Bakı
6423373,89000,AZN,2,30.0,28 May,Bakı
5516595,326315,AZN,2,69.8,Sea Breeze,Bakı
6429202,135000,AZN,,20.0,Qala,Bakı
6458024,142000,AZN,3,69.0,,Xırdalan
6423229,1500000,AZN,14,1250.0,Novxanı,Bakı
5443083,411645,AZN,2,86.5,Sea Breeze,Bakı
6458177,320000,AZN,3,90.0,Badamdar,Bakı
5557109,212500,AZN,,85.0,,Sumqayıt
6308144,239000,AZN,2,94.0,20 Yanvar,Bakı
6391796,60000,AZN,3,87.0,Zığ,Bakı
6462843,225000,AZN,4,100.0,Neftçilər,Bakı
5442812,274091,AZN,2,70.1,Sea Breeze,Bakı
6322102,200,AZN,2,120.0,Novxanı,Bakı
5653012,1400,AZN,3,120.0,Nərimanov,Bakı
6475555,585000,AZN,4,182.0,Nəriman Nərimanov,Bakı
6172543,1180000,AZN,6,330.0,Mərdəkan,Bakı
4472685,116480,AZN,2,72.8,,Sumqayıt
6177412,163625,AZN,1,55.0,Nardaran,Bakı
6466986,169000,AZN,2,70.0,Badamdar,Bakı
6468926,295000,AZN,2,84.3,Nəriman Nərimanov,Bakı
6430044,598000,AZN,3,127.0,Ağ şəhər,Bakı
6475560,260000,AZN,5,165.0,Buzovna,Bakı
6476055,1100000,AZN,4,205.0,Nəsimi,Bakı
6080357,596700,AZN,3,135.0,Nardaran,Bakı
6450829,590000,AZN,4,185.0,Nəriman Nərimanov,Bakı
5453887,475000,AZN,5,220.0,Qaraçuxur,Bakı
6323763,255000,AZN,4,92.0,Həzi Aslanov,Bakı
5600109,262642,AZN,1,58.3,Sea Breeze,Bakı
6466966,750000,AZN,4,148.6,Ağ şəhər,Bakı
6399616,310000,AZN,4,110.0,Binəqədi,Bakı
6184076,800,AZN,4,140.0,Abşeron,Sumqayıt
6396307,220000,AZN,2,71.0,Gənclik,Bakı
6425352,1300000,AZN,,15.9,Masazır,Bakı
6243168,198000,AZN,3,117.0,,Xırdalan
6451986,165000,AZN,2,71.4,Əmircan,Bakı
6453598,395000,AZN,3,105.0,Nəriman Nərimanov,Bakı
5921691,299500,AZN,1,60.0,Nardaran,Bakı
6464305,850000,AZN,8,390.0,Sea Breeze,Bakı
4172542,500000,AZN,,10.0,Şağan,Bakı
6469771,175000,AZN,2,60.0,Bakıxanov,Bakı
4502351,663935,AZN,2,107.0,Nardaran,Bakı
6069832,155000,AZN,2,62.0,Neftçilər,Bakı
6469861,202000,AZN,2,83.0,Nəriman Nərimanov,Bakı
6467136,595000,AZN,4,180.0,Mərdəkan,Bakı
6283751,1700,AZN,2,110.0,28 May,Bakı
6310873,1700,AZN,,75.0,Ağ şəhər,Bakı
6403485,59500,AZN,2,65.0,Məmmədli,Bakı
6335393,439000,AZN,5,172.0,Şüvəlan,Bakı
6445106,700000,AZN,,201.0,Yeni Yasamal,Bakı
6428619,280000,AZN,7,300.0,Hövsan,Bakı
5501305,513528,AZN,3,140.5,Sea Breeze,Bakı
4237623,543730,AZN,2,98.86,Elmlər Akademiyası,Bakı
6326509,1188715,AZN,4,216.1,Elmlər Akademiyası,Bakı
5867067,812900,AZN,4,147.8,Elmlər Akademiyası,Bakı
6200267,350000,AZN,,250.0,Gənclik,Bakı
6450644,155000,AZN,3,90.0,Masazır,Bakı
4190770,1128215,AZN,4,205.13,Elmlər Akademiyası,Bakı
4452982,318325,AZN,1,53.5,Nardaran,Bakı
6405778,42000,AZN,,5.0,Dübəndi,Bakı
6167930,690000,AZN,7,500.0,Novxanı,Bakı
5936849,177000,AZN,1,60.0,Nardaran,Bakı
4989746,250,AZN,7,300.0,Şüvəlan,Bakı
5555412,405977,AZN,2,91.9,Sea Breeze,Bakı
6472772,2200,AZN,5,245.0,Nəsimi,Bakı
6422300,258000,AZN,2,58.0,Nərimanov,Bakı
6350299,1000,AZN,3,70.0,Yasamal,Bakı
6398225,99,AZN,3,122.0,Pirşağı,Bakı
6422293,358000,AZN,3,88.0,Nərimanov,Bakı
6286163,54000,AZN,3,90.0,Məmmədli,Bakı
6439458,210000,AZN,3,75.0,Gənclik,Bakı
6147518,55000,AZN,3,90.0,Binə,Bakı
6467702,268000,AZN,2,65.0,Gənclik,Bakı
4965982,285147,AZN,3,96.6,Dərnəgül,Bakı
4967088,236168,AZN,2,89.1,Dərnəgül,Bakı
4967576,331920,AZN,3,138.3,Dərnəgül,Bakı
5998829,538000,AZN,9,545.0,Şıxov,Bakı
6469355,85000,AZN,2,50.0,Dərnəgül,Bakı
6468882,80000,AZN,2,68.0,Saray,Bakı
6383069,369500,AZN,3,86.6,Sea Breeze,Bakı
6468678,2500,AZN,3,145.0,Mərdəkan,Bakı
6472044,123000,AZN,2,40.0,Gənclik,Bakı
5312596,98000,AZN,,5.0,Novxanı,Bakı
6405793,219000,AZN,3,85.0,Yeni Yasamal,Bakı
6460911,310000,AZN,3,94.0,Nərimanov,Bakı
6061385,310000,AZN,1,75.0,Sea Breeze,Bakı
4179699,500000,AZN,3,137.0,Nəriman Nərimanov,Bakı
4179866,505000,AZN,3,153.0,Nəriman Nərimanov,Bakı
4126392,810000,AZN,5,216.0,Nərimanov,Bakı
3891057,475000,AZN,3,137.0,Nərimanov,Bakı
3891023,365000,AZN,3,105.0,Nərimanov,Bakı
4179630,355000,AZN,3,105.0,Nəriman Nərimanov,Bakı
6477852,144500,AZN,2,50.0,Avtovağzal,Bakı
6220087,100,AZN,3,100.0,Mərdəkan,Bakı
6428532,275000,AZN,7,380.0,Zabrat,Bakı
6415154,820000,AZN,4,400.0,Şüvəlan,Bakı
6066614,120000,AZN,4,120.0,Fatmayı,Bakı
6436310,310000,AZN,2,85.5,Nərimanov,Bakı
6422061,288000,AZN,2,72.0,Nizami,Bakı
6460755,475000,AZN,3,125.0,Şah İsmayıl Xətai,Bakı
5354947,340000,AZN,,12.0,Şüvəlan,Bakı
5892869,1100,AZN,2,70.0,Nəriman Nərimanov,Bakı
5892878,300,AZN,1,14.0,Nərimanov,Bakı
6469744,470000,AZN,4,178.0,Bayıl,Bakı
6341989,100000,AZN,2,60.1,,Sumqayıt
6457210,110000,AZN,5,196.0,Türkan,Bakı
5892567,250,AZN,1,12.0,Nərimanov,Bakı
6476167,300000,AZN,3,126.5,Qara Qarayev,Bakı
6380037,158000,AZN,4,133.0,Binə,Bakı
6392643,204408,AZN,1,50.1,Nardaran,Bakı
6342049,460000,AZN,3,125.0,Şah İsmayıl Xətai,Bakı
6409214,538000,AZN,4,177.9,Gənclik,Bakı
6400464,4500,AZN,,450.0,Elmlər Akademiyası,Bakı
6048404,1800,AZN,4,129.0,Bakmil,Bakı
5892728,1800,AZN,6,120.0,Nəriman Nərimanov,Bakı
6447690,210000,AZN,2,54.0,Böyükşor,Bakı
6462242,118000,AZN,1,40.0,8 Noyabr,Bakı
6405099,452064,AZN,3,110.8,Nardaran,Bakı
6460084,479000,AZN,3,160.0,Şah İsmayıl Xətai,Bakı
6414988,285000,AZN,5,180.0,Fatmayı,Bakı
6331823,363702,AZN,3,105.4,Nardaran,Bakı
6458147,55000,AZN,3,75.0,Sabunçu,Bakı
6452231,210000,AZN,3,90.0,20 Yanvar,Bakı
6339960,300000,AZN,3,130.0,İnşaatçılar,Bakı
6073522,290000,AZN,3,105.0,20 Yanvar,Bakı
6460842,280000,AZN,5,148.0,Şüvəlan,Bakı
6089658,297000,AZN,3,100.0,Dərnəgül,Bakı
6443973,83000,AZN,2,60.0,Masazır,Bakı
6318715,253708,AZN,1,53.3,Nardaran,Bakı
5932448,240000,AZN,4,160.0,Şüvəlan,Bakı
6472237,98000,AZN,3,60.0,Hövsan,Bakı
6167174,199999,AZN,5,150.0,Buzovna,Bakı
5932357,225000,AZN,4,150.0,Mərdəkan,Bakı
6471991,159000,AZN,4,130.0,Buzovna,Bakı
6426543,685000,AZN,4,240.0,Nərimanov,Bakı
6220831,306694,AZN,2,59.2,Nardaran,Bakı
6386319,195000,AZN,6,210.0,Hövsan,Bakı
6463560,170000,AZN,4,200.0,Yeni Suraxanı,Bakı
5940513,420000,AZN,5,250.0,Şüvəlan,Bakı
6455968,229000,AZN,2,68.7,8 Noyabr,Bakı
6468135,137000,AZN,3,74.0,Yasamal,Bakı
6463573,225000,AZN,4,135.0,Şüvəlan,Bakı
6288431,625000,AZN,9,420.0,Badamdar,Bakı
6223002,185000,AZN,4,130.0,Şüvəlan,Bakı
6475210,290000,AZN,3,160.0,20 Yanvar,Bakı
6350667,25,AZN,3,60.0,Masazır,Bakı
6387334,275000,AZN,3,145.0,Xətai,Bakı
6155738,85000,AZN,4,100.0,Masazır,Bakı
6456913,120000,AZN,1,40.0,8 Noyabr,Bakı
6480284,420000,AZN,3,139.0,Neftçilər,Bakı
5476252,500,AZN,6,700.0,Nardaran,Bakı
5843866,79500,AZN,3,82.0,Masazır,Bakı
6433805,239275,AZN,1,56.3,Nardaran,Bakı
6467910,87000,AZN,2,44.0,Masazır,Bakı
5744985,435000,AZN,,135.0,Yasamal,Bakı
5744959,112000,AZN,3,100.0,Mərdəkan,Bakı
5504121,479842,AZN,2,128.3,Sea Breeze,Bakı
4466583,75360,AZN,1,47.1,,Sumqayıt
6004813,10000,AZN,9,700.0,Buzovna,Bakı
6447598,248000,AZN,3,67.0,Gənclik,Bakı
5504251,603514,AZN,2,110.9,Sea Breeze,Bakı
6463593,132000,AZN,3,240.0,Bakıxanov,Bakı
6453148,199000,AZN,2,59.0,20 Yanvar,Bakı
6408985,580000,AZN,6,380.0,Mərdəkan,Bakı
6392645,217056,AZN,1,53.2,Nardaran,Bakı
6131808,575000,AZN,3,127.0,Nəsimi,Bakı
6362479,145000,AZN,6,250.0,Binə,Bakı
6475303,327000,AZN,3,126.0,Koroğlu,Bakı
6459342,234000,AZN,3,63.0,İnşaatçılar,Bakı
6452347,248000,AZN,4,145.0,Mərdəkan,Bakı
5706748,1350,AZN,3,135.0,Şah İsmayıl Xətai,Bakı
6406956,168000,AZN,3,75.0,7-ci mikrorayon,Bakı
6170668,650000,AZN,4,200.0,Şağan,Bakı
6461978,1300000,AZN,7,300.0,Badamdar,Bakı
6438220,245000,AZN,3,82.0,Nəriman Nərimanov,Bakı
6462527,160000,AZN,3,60.0,Dübəndi,Bakı
6405089,257312,AZN,1,68.8,Nardaran,Bakı
6433060,285000,AZN,2,65.0,Şah İsmayıl Xətai,Bakı
6476571,68000,AZN,2,37.0,Masazır,Bakı
6421877,405000,AZN,,1200.0,Nabran,Xaçmaz
6363733,180000,AZN,2,56.9,20 Yanvar,Bakı
6425031,188000,AZN,2,45.0,Elmlər Akademiyası,Bakı
6087010,1600000,AZN,,136.0,28 May,Bakı
6314560,358070,AZN,3,99.4,Nardaran,Bakı
6208640,275000,AZN,5,250.0,Binə,Bakı
6400890,299000,AZN,3,72.0,Bakmil,Bakı
6463479,595000,AZN,5,150.0,Şağan,Bakı
6370503,100000,AZN,2,35.0,İçəri Şəhər,Bakı
6371352,227000,AZN,2,54.0,İçəri Şəhər,Bakı
5785201,380000,AZN,4,130.0,Mərdəkan,Bakı
6244815,1799,AZN,5,220.0,Elmlər Akademiyası,Bakı
6354511,2000,AZN,4,210.0,Elmlər Akademiyası,Bakı
6459528,285000,AZN,2,65.0,Şah İsmayıl Xətai,Bakı
6443749,58000,AZN,,2.0,Mərdəkan,Bakı
6380228,139000,AZN,2,57.0,İnşaatçılar,Bakı
6474484,210000,AZN,2,85.0,Badamdar,Bakı
6371259,370000,AZN,3,141.0,Memar Əcəmi,Bakı
6469197,580000,AZN,7,315.0,Şüvəlan,Bakı
6451843,164000,AZN,2,65.0,Əhmədli,Bakı
6255499,187000,AZN,1,40.7,Nardaran,Bakı
5810128,2800,AZN,4,200.0,28 May,Bakı
6255467,201042,AZN,1,43.8,Nardaran,Bakı
5403613,1500,AZN,3,100.0,Nardaran,Bakı
6463426,390000,AZN,4,160.0,Şüvəlan,Bakı
6439288,540,AZN,2,45.0,Bakıxanov,Bakı
6412535,1700000,AZN,10,750.0,Əhmədli,Bakı
6411802,129900,AZN,3,78.0,,Xırdalan
6299418,175950,AZN,1,45.0,Nardaran,Bakı
5474820,395000,AZN,3,100.0,Sea Breeze,Bakı
6457797,239000,AZN,3,72.0,İnşaatçılar,Bakı
5906159,75900,AZN,3,109.6,Görədil,Bakı
6219935,168300,AZN,1,36.0,Nardaran,Bakı
6468037,1041000,AZN,4,127.0,Ağ şəhər,Bakı
6466453,360000,AZN,6,350.0,Buzovna,Bakı
6219759,563465,AZN,3,94.7,Nardaran,Bakı
6429468,270000,AZN,3,83.0,Yasamal,Bakı
6256368,130000,AZN,3,90.0,Abşeron,Xırdalan
6267893,220000,AZN,2,80.0,Azadlıq Prospekti,Bakı
5673384,260000,AZN,2,65.0,8 Noyabr,Bakı
6209540,266000,AZN,3,110.0,Həzi Aslanov,Bakı
6403078,278000,AZN,3,93.0,20 Yanvar,Bakı
6297172,355501,AZN,1,46.8,Nardaran,Bakı
6432232,850000,AZN,6,430.0,Əhmədli,Bakı
6303152,595000,AZN,4,200.0,Şüvəlan,Bakı
6437281,187500,AZN,2,74.4,Bakıxanov,Bakı
5625392,289000,AZN,2,73.0,Koroğlu,Bakı
6465044,120000,AZN,4,100.0,Biləcəri,Bakı
6455685,289000,AZN,3,100.0,20 Yanvar,Bakı
6457741,40000,AZN,,25.0,Ağ şəhər,Bakı
4466805,152480,AZN,3,95.3,,Sumqayıt
6477109,187000,AZN,2,80.0,Xalqlar Dostluğu,Bakı
6351003,278000,AZN,2,90.0,Nəriman Nərimanov,Bakı
6199408,2300,AZN,3,130.0,Ağ şəhər,Bakı
6473009,244000,AZN,3,85.0,Qara Qarayev,Bakı
5094049,2500,AZN,,450.0,,Gəncə
6078698,472464,AZN,3,77.2,,Qusar
6451891,142000,AZN,3,60.0,Memar Əcəmi,Bakı
6466097,1699000,AZN,4,190.0,Nəsimi,Bakı
6181526,899000,AZN,6,305.0,Bilgəh,Bakı
5624562,900000,AZN,6,320.0,Bilgəh,Bakı
6207270,145900,AZN,6,230.0,Mehdiabad,Bakı
5624579,1400000,AZN,6,450.0,Bilgəh,Bakı
6181468,1500000,AZN,6,460.0,Bilgəh,Bakı
6033953,260100,AZN,2,61.2,Nardaran,Bakı
5624630,1400000,AZN,6,460.0,Bilgəh,Bakı
4371459,149000,AZN,,100.0,Binəqədi,Bakı
5863255,225267,AZN,2,63.1,Nardaran,Bakı
6469278,560000,AZN,3,113.5,Nardaran,Bakı
6457718,1200000,AZN,4,210.0,Nəsimi,Bakı
6311598,880000,AZN,,779.0,Həzi Aslanov,Bakı
6469298,493000,AZN,3,100.0,Nardaran,Bakı
4654783,55,AZN,2,60.0,7-ci mikrorayon,Bakı
6449243,135000,AZN,2,56.0,Sahil,Bakı
5971916,214540,AZN,1,63.1,Nardaran,Bakı
6460423,280000,AZN,3,70.0,Yasamal,Bakı
6423810,125500,AZN,2,45.0,Köhnə Günəşli,Bakı
6312707,4860,AZN,,1080.0,Binəqədi,Bakı
6410609,9000,AZN,,2727.0,Binəqədi,Bakı
6425959,26500,AZN,,4.4,Türkan,Bakı
6475044,450000,AZN,2,93.0,Nardaran,Bakı
6450120,280000,AZN,,8.5,Şıxov,Bakı
6400367,230000,AZN,5,200.0,Lökbatan,Bakı
6477114,170,AZN,3,120.0,28 May,Bakı
6423662,850,AZN,3,52.0,Koroğlu,Bakı
6473038,429000,AZN,3,145.0,28 May,Bakı
6454889,1800,AZN,,64.0,Nizami,Bakı
6413533,650000,AZN,4,180.0,28 May,Bakı
6455649,245000,AZN,,7.0,,Sumqayıt
6043168,519999,AZN,4,185.0,Azadlıq Prospekti,Bakı
6329798,147000,AZN,2,55.0,Neftçilər,Bakı
6228777,857000,AZN,4,230.0,28 May,Bakı
6433823,495482,AZN,2,112.1,Nardaran,Bakı
6469094,1110000,AZN,,483.4,,Gəncə
5565231,1165,AZN,4,207.0,Koroğlu,Bakı
5832183,359000,AZN,3,129.0,Şah İsmayıl Xətai,Bakı
5863093,159222,AZN,1,44.6,Nardaran,Bakı
6474977,157000,AZN,2,60.0,Həzi Aslanov,Bakı
5142087,161000,AZN,2,82.1,Həzi Aslanov,Bakı
4693067,830000,AZN,5,460.0,Mərdəkan,Bakı
6139687,140000,AZN,2,70.0,Əhmədli,Bakı
5535042,17000,AZN,,900.0,Ağ şəhər,Bakı
5954144,823000,AZN,4,185.0,Ağ şəhər,Bakı
5957667,6600,AZN,,165.0,Ağ şəhər,Bakı
5957587,10800,AZN,,270.0,Ağ şəhər,Bakı
5957871,7600,AZN,,250.0,Ağ şəhər,Bakı
4966002,287375,AZN,3,114.9,Dərnəgül,Bakı
4965055,299950,AZN,3,119.9,Dərnəgül,Bakı
4966017,296693,AZN,3,116.3,Dərnəgül,Bakı
6446125,225000,AZN,2,76.0,7-ci mikrorayon,Bakı
6472060,920000,AZN,4,161.0,Ağ şəhər,Bakı
5675953,621894,AZN,1,54.6,Nardaran,Bakı
6408174,305000,AZN,3,87.0,Qara Qarayev,Bakı
4967105,177165,AZN,1,57.2,Dərnəgül,Bakı
6469084,329000,AZN,4,169.0,Neftçilər,Bakı
6211174,1500,AZN,2,96.0,Ağ şəhər,Bakı
6197247,650000,AZN,3,133.0,28 May,Bakı
6077009,230000,AZN,3,115.0,,Xırdalan
5379407,700,AZN,,32.0,Nərimanov,Bakı
5660036,186783,AZN,1,45.8,Nardaran,Bakı
6247550,170,AZN,7,220.0,,Qəbələ
6447167,420000,AZN,3,103.0,8 Noyabr,Bakı
6463063,3400000,AZN,10,800.0,Bilgəh,Bakı
6479821,425000,AZN,2,105.0,Gənclik,Bakı
6472029,165000,AZN,2,71.4,Əmircan,Bakı
6371437,820000,AZN,,450.0,,Quba
6396102,226000,AZN,2,92.0,Neftçilər,Bakı
6310625,330000,AZN,3,125.0,Qara Qarayev,Bakı
6466226,158000,AZN,3,65.0,Memar Əcəmi,Bakı
6447796,110000,AZN,1,38.0,Memar Əcəmi,Bakı
6422687,430000,AZN,3,108.0,28 May,Bakı
6439523,189000,AZN,3,75.0,Memar Əcəmi,Bakı
6399720,194500,AZN,2,60.0,Memar Əcəmi,Bakı
5465343,305000,AZN,3,110.0,Əhmədli,Bakı
6469124,350000,AZN,3,107.0,Nərimanov,Bakı
6120458,360000,AZN,,3.0,Nəsimi,Bakı
6399777,240000,AZN,3,75.0,Memar Əcəmi,Bakı
6101209,460000,AZN,,18.5,Mərdəkan,Bakı
6106671,140000,AZN,,9.0,Görədil,Bakı
6101758,272000,AZN,,18.0,Novxanı,Bakı
6313135,765000,AZN,7,250.0,Nizami,Bakı
6116463,5000,AZN,7,500.0,Nizami,Bakı
5640831,245795,AZN,1,56.7,Nardaran,Bakı
6414185,750000,AZN,7,800.0,Elmlər Akademiyası,Bakı
6390519,264000,AZN,3,96.0,Nəriman Nərimanov,Bakı
6424200,5200,AZN,,12.0,Nardaran,Bakı
6218763,5500,AZN,9,300.0,İnşaatçılar,Bakı
5444086,254060,AZN,1,50.7,Sea Breeze,Bakı
5759449,101625,AZN,2,81.3,,Lənkəran
5750385,79750,AZN,1,63.8,,Lənkəran
5776148,97500,AZN,2,78.0,,Lənkəran
6220239,10500,AZN,,1000.0,Masazır,Bakı
5769521,93750,AZN,2,75.0,,Lənkəran
5776143,76250,AZN,1,61.0,,Lənkəran
5757534,67125,AZN,1,53.74,,Lənkəran
6477012,4000,AZN,5,160.0,Sahil,Bakı
5769530,62125,AZN,1,49.7,,Lənkəran
5783827,70375,AZN,1,56.3,,Lənkəran
6120103,365000,AZN,2,128.0,Nərimanov,Bakı
5769541,150975,AZN,3,120.78,,Lənkəran
6427377,250,AZN,3,100.0,Novxanı,Bakı
6098513,255000,AZN,2,91.9,Abşeron,Bakı
6206411,195000,AZN,1,57.4,Nardaran,Bakı
6454711,1300000,AZN,,510.0,Qaraçuxur,Bakı
6350458,299000,AZN,12,500.0,Mehdiabad,Bakı
4897668,990000,AZN,12,500.0,Sahil,Bakı
6350186,420000,AZN,,110.0,Memar Əcəmi,Bakı
6474882,265000,AZN,2,75.0,İnşaatçılar,Bakı
6424178,226623,AZN,1,38.6,Nardaran,Bakı
6433621,255000,AZN,3,115.0,Avtovağzal,Bakı
5443908,301682,AZN,2,93.4,Sea Breeze,Bakı
6446209,268000,AZN,2,66.0,Gənclik,Bakı
6460216,130000,AZN,4,130.0,Xocəsən,Bakı
6418785,2500000,AZN,,2282.0,Masazır,Bakı
5536176,85000,AZN,,61.0,,Sumqayıt
6345354,250,AZN,5,250.0,Novxanı,Bakı
6461607,145000,AZN,2,48.0,Xətai,Bakı
6457553,285000,AZN,3,105.0,Memar Əcəmi,Bakı
5968927,3500,AZN,6,250.0,Elmlər Akademiyası,Bakı
6125777,325000,AZN,3,133.0,Sabunçu,Bakı
6392288,155000,AZN,2,50.0,Həzi Aslanov,Bakı
5673636,2349750,AZN,,313.3,Şah İsmayıl Xətai,Bakı
5440890,2987250,AZN,,398.3,Şah İsmayıl Xətai,Bakı
6315115,167000,AZN,2,60.0,Yasamal,Bakı
5711182,40,AZN,1,50.0,Nərimanov,Bakı
6340404,84000,AZN,,18.0,,Qusar
6389702,380000,AZN,4,200.0,Nardaran,Bakı
6220558,148000,AZN,5,140.0,Binə,Bakı
6408549,280000,AZN,2,65.0,Şah İsmayıl Xətai,Bakı
6078710,279557,AZN,1,57.7,Nardaran,Bakı
6465086,163000,AZN,2,70.0,İnşaatçılar,Bakı
5516678,259080,AZN,1,50.8,Sea Breeze,Bakı
6448725,12000,AZN,,1500.0,,Mingəçevir
6238408,850000,AZN,4,214.0,Ağ şəhər,Bakı
6236862,2248,AZN,3,165.0,28 May,Bakı
5793923,420000,AZN,,265.0,Nəsimi,Bakı
6452746,355000,AZN,3,120.0,İnşaatçılar,Bakı
5514359,496407,AZN,2,78.9,Sea Breeze,Bakı
6474757,550000,AZN,3,175.0,Nizami,Bakı
6294298,257000,AZN,2,100.0,20 Yanvar,Bakı
5515435,270000,AZN,4,148.5,Həzi Aslanov,Bakı
6345829,250000,AZN,2,72.0,Koroğlu,Bakı
6339775,575000,AZN,2,93.0,Sea Breeze,Bakı
6408561,280000,AZN,2,65.0,Şah İsmayıl Xətai,Bakı
5442827,243474,AZN,2,68.2,Sea Breeze,Bakı
6446916,268000,AZN,2,90.0,Əhmədli,Bakı
4816583,1901939,AZN,4,266.4,Bayıl,Bakı
6257973,450000,AZN,5,300.0,Novxanı,Bakı
5877292,252000,AZN,2,92.0,Nəriman Nərimanov,Bakı
6457490,70000,AZN,2,58.0,Masazır,Bakı
6402580,20000,AZN,,2500.0,Keşlə,Bakı
6449777,161690,AZN,3,87.4,Biləcəri,Bakı
6425579,310000,AZN,3,90.0,Həzi Aslanov,Bakı
5534371,200634,AZN,1,56.2,Sea Breeze,Bakı
6097066,315000,AZN,4,185.0,Əhmədli,Bakı
6479559,187000,AZN,2,80.0,Elmlər Akademiyası,Bakı
6252631,198000,AZN,3,75.0,Həzi Aslanov,Bakı
6296623,115000,AZN,,57.5,Sahil,Bakı
6413626,245000,AZN,3,77.0,Bakıxanov,Bakı
6430086,890000,AZN,6,340.0,Badamdar,Bakı
6467540,195000,AZN,2,70.0,Nəriman Nərimanov,Bakı
5504148,376533,AZN,2,96.3,Sea Breeze,Bakı
6399619,128000,AZN,2,50.0,Yeni Yasamal,Bakı
6435353,142175,AZN,3,60.5,Qaraçuxur,Bakı
5744205,300,AZN,2,55.0,Novxanı,Bakı
6304931,1800,AZN,2,64.0,Nizami,Bakı
4530140,401778,AZN,2,90.9,Nardaran,Bakı
6446770,4150000,AZN,,45.0,Ağ şəhər,Bakı
6447150,80000,AZN,1,41.0,Masazır,Bakı
5307976,950000,AZN,4,229.0,Nizami,Bakı
6475960,615000,AZN,4,139.0,Sea Breeze,Bakı
6051556,385000,AZN,2,81.0,Sea Breeze,Bakı
6143641,12000,AZN,,533.0,Elmlər Akademiyası,Bakı
6357710,125000,AZN,3,78.0,Masazır,Bakı
5611074,180000,AZN,,12.0,Yeni Balaxanı,Bakı
6455306,79000,AZN,,35.0,8 Noyabr,Bakı
5489871,314500,AZN,1,58.0,Sea Breeze,Bakı
6325502,310000,AZN,3,105.0,Neftçilər,Bakı
4513531,698683,AZN,2,112.6,Nardaran,Bakı
6399985,87000,AZN,3,100.0,Savalan,Bakı
6457416,850000,AZN,7,531.3,,Şamaxı
6441023,325000,AZN,,25.0,Nardaran,Bakı
6427080,3600000,AZN,,20.0,Bakıxanov,Bakı
5646854,896719,AZN,3,184.5,Şah İsmayıl Xətai,Bakı
5646676,535919,AZN,2,97.2,Şah İsmayıl Xətai,Bakı
6457192,197000,AZN,2,60.0,Əhmədli,Bakı
5981885,155000,AZN,1,57.0,Sea Breeze,Bakı
6411026,57000,AZN,2,52.0,Novxanı,Bakı
5981972,347500,AZN,2,102.0,Sea Breeze,Bakı
6251851,580000,AZN,3,141.0,Sea Breeze,Bakı
5540301,398055,AZN,3,111.5,Sea Breeze,Bakı
6461735,7000,AZN,,210.0,Ağ şəhər,Bakı
4675929,175000,AZN,1,60.0,Nardaran,Bakı
6450794,225000,AZN,2,56.0,Gənclik,Bakı
6408335,3500000,AZN,,20000.0,Qala,Bakı
5868015,2300,AZN,9,400.0,Xətai,Bakı
5552025,487050,AZN,2,124.6,Sea Breeze,Bakı
6246369,345000,AZN,4,160.0,Həzi Aslanov,Bakı
6471419,1850,AZN,3,160.0,Şah İsmayıl Xətai,Bakı
6288126,2500,AZN,,100.0,Elmlər Akademiyası,Bakı
6323513,450000,AZN,3,130.0,Nəriman Nərimanov,Bakı
6129603,360000,AZN,2,111.0,28 May,Bakı
6454908,84500,AZN,2,51.0,Abşeron,Xırdalan
5737068,755000,AZN,7,455.0,Bilgəh,Bakı
6337564,51300,AZN,,3900.0,28 May,Bakı
5504245,608558,AZN,2,96.8,Sea Breeze,Bakı
6349861,415000,AZN,2,60.0,Ağ şəhər,Bakı
6232092,345000,AZN,3,118.0,Neftçilər,Bakı
6440890,2800,AZN,,175.0,İnşaatçılar,Bakı
6244788,1000,AZN,,70.0,İçəri Şəhər,Bakı
6457685,208000,AZN,3,80.0,Neftçilər,Bakı
4351437,1000000,AZN,,90.0,Nəriman Nərimanov,Bakı
5018761,290000,AZN,3,158.0,Şıxov,Bakı
5981017,290000,AZN,3,136.0,Əhmədli,Bakı
6107662,320000,AZN,,84.0,Əhmədli,Bakı
6423592,1700,AZN,5,110.0,Koroğlu,Bakı
6432631,4500,AZN,3,140.0,Nəsimi,Bakı
6413787,237000,AZN,1,58.0,Sea Breeze,Bakı
5993049,2200,AZN,,100.0,Şah İsmayıl Xətai,Bakı
6413803,331500,AZN,2,93.0,Sea Breeze,Bakı
6413863,306000,AZN,2,86.0,Sea Breeze,Bakı
6413894,1666000,AZN,,17.8,Sea Breeze,Bakı
6382251,193800,AZN,1,45.6,Nardaran,Bakı
6125516,172550,AZN,2,101.5,,Gəncə
6125610,120960,AZN,1,67.2,,Gəncə
6230570,1340000,AZN,4,120.0,Buzovna,Bakı
6125624,119325,AZN,1,64.5,,Gəncə
6125284,114380,AZN,1,60.4,,Gəncə
6125300,120250,AZN,1,65.0,,Gəncə
6125531,200160,AZN,3,111.2,,Gəncə
6125646,225900,AZN,2,125.5,,Gəncə
6141422,232000,AZN,,200.0,Mərdəkan,Bakı
6462595,470000,AZN,3,160.0,Nəsimi,Bakı
6125327,200540,AZN,3,108.4,,Gəncə
6415319,150000,AZN,3,120.0,,Quba
6405082,260678,AZN,1,69.7,Nardaran,Bakı
6479361,99,AZN,4,200.0,Mərdəkan,Bakı
3776665,331200,AZN,3,110.4,20 Yanvar,Bakı
6464483,278280,AZN,3,77.3,20 Yanvar,Bakı
5893873,339624,AZN,3,106.8,20 Yanvar,Bakı
4695792,480200,AZN,4,171.5,Nərimanov,Bakı
5914585,89000,AZN,1,37.4,Nardaran,Bakı
6367161,457888,AZN,3,135.5,Badamdar,Bakı
6373124,338474,AZN,2,107.1,Badamdar,Bakı
6265442,90000,AZN,,511.0,,Xızı
6465683,360000,AZN,3,143.0,İnşaatçılar,Bakı
6367017,232204,AZN,1,65.6,Badamdar,Bakı
6222821,263876,AZN,2,154.5,,Qusar
6222771,183600,AZN,3,122.4,,Qusar
6221562,97850,AZN,1,51.5,,Qusar
6222177,135795,AZN,2,82.3,,Qusar
4377330,521400,AZN,3,173.8,28 May,Bakı
5730671,708000,AZN,4,236.0,28 May,Bakı
4351096,664230,AZN,4,221.41,28 May,Bakı
4991369,359040,AZN,3,108.8,28 May,Bakı
5730589,385600,AZN,3,120.5,28 May,Bakı
6222405,148925,AZN,2,85.1,,Qusar
6222524,140850,AZN,2,93.9,,Qusar
6222726,146400,AZN,1,97.6,,Qusar
6338072,73500,AZN,2,51.0,,Xırdalan
6314587,184022,AZN,1,42.1,Nardaran,Bakı
6122990,600,AZN,4,140.0,Şüvəlan,Bakı
5044726,115000,AZN,,12.0,Novxanı,Bakı
5854537,340000,AZN,,506.0,Pirəkəşkül,Bakı
6479245,327400,AZN,4,163.7,Bakıxanov,Bakı
6431601,130000,AZN,2,43.0,Memar Əcəmi,Bakı
6467031,215000,AZN,,50.0,İnşaatçılar,Bakı
6243109,155000,AZN,5,250.0,Mərdəkan,Bakı
6318801,261018,AZN,2,49.5,Nardaran,Bakı
6455103,470000,AZN,,250.0,İçəri Şəhər,Bakı
6270267,105000,AZN,3,100.0,Nəriman Nərimanov,Bakı
6219997,6900,AZN,,500.0,İnşaatçılar,Bakı
6248082,300000,AZN,4,150.0,Azadlıq Prospekti,Bakı
6382269,4650,AZN,6,310.0,Dərnəgül,Bakı
5695949,54000,AZN,1,41.0,Masazır,Bakı
6358983,385000,AZN,3,86.0,Nəsimi,Bakı
6220826,185045,AZN,1,31.1,Nardaran,Bakı
6429278,425000,AZN,2,106.0,Nərimanov,Bakı
6365513,135000,AZN,3,85.0,Qala,Bakı
6124286,455000,AZN,5,270.0,Mərdəkan,Bakı
5921281,880,AZN,1,45.0,İçəri Şəhər,Bakı
6432086,3200000,AZN,,5325.0,,Ağdaş
6252912,480000,AZN,,24.0,,Qusar
6352617,580000,AZN,,37.0,Azadlıq Prospekti,Bakı
5814266,178000,AZN,,110.0,20-ci sahə,Bakı
6219766,438793,AZN,2,68.8,Nardaran,Bakı
6062253,275000,AZN,1,46.0,Sea Breeze,Bakı
6410949,89900,AZN,2,50.0,Abşeron,Xırdalan
5835722,590000,AZN,4,250.0,Mərdəkan,Bakı
6381642,280000,AZN,4,160.0,Mərdəkan,Bakı
6390712,585000,AZN,5,220.0,Mərdəkan,Bakı
5960599,750000,AZN,5,300.0,Mərdəkan,Bakı
5602711,72000,AZN,,3.0,Nardaran,Bakı
6198054,292000,AZN,2,90.0,Elmlər Akademiyası,Bakı
6278728,3800,AZN,7,98.0,Sahil,Bakı
6459712,1150000,AZN,5,220.0,Bayıl,Bakı
6479213,750000,AZN,3,170.0,Xətai,Bakı
6049260,467000,AZN,2,115.0,Sea Breeze,Bakı
6331211,226754,AZN,1,38.1,Nardaran,Bakı
6042927,39000,AZN,,12.0,,Şamaxı
6405366,395000,AZN,3,108.8,7-ci mikrorayon,Bakı
6297183,346432,AZN,1,46.4,Nardaran,Bakı
5441483,1719000,AZN,,229.2,Şah İsmayıl Xətai,Bakı
6332208,321000,AZN,,10.7,,Qəbələ
6260264,175000,AZN,2,76.5,Sea Breeze,Bakı
6380845,700,AZN,2,63.0,Buzovna,Bakı
6471273,87500,AZN,2,54.7,,Xırdalan
6091419,139300,AZN,1,43.0,Nardaran,Bakı
6471321,154860,AZN,2,60.0,Yeni Yasamal,Bakı
6442177,245000,AZN,3,75.0,4-cü mikrorayon,Bakı
6440726,88000,AZN,,12.0,Albalılıq,Bakı
6382752,72700,AZN,2,41.0,Masazır,Bakı
6382661,84790,AZN,2,48.7,Masazır,Bakı
6315276,175000,AZN,2,55.0,Əhmədli,Bakı
6315231,220000,AZN,2,74.0,Nərimanov,Bakı
6027907,481950,AZN,3,67.5,,Qusar
6338336,359000,AZN,2,117.2,Koroğlu,Bakı
6258933,35000,AZN,,40.0,Lökbatan,Bakı
6410378,314000,AZN,3,96.4,Elmlər Akademiyası,Bakı
6286612,17500,AZN,,2.5,Hökməli,Bakı
6459373,192100,AZN,3,113.0,Masazır,Bakı
6027988,417767,AZN,3,114.3,Nardaran,Bakı
6325595,200000,AZN,1,53.0,Sea Breeze,Bakı
6458022,77000,AZN,3,130.0,Ramana,Bakı
5617259,1800000,AZN,,16000.0,,Goranboy
6465382,270000,AZN,,15.0,Pirşağı,Bakı
5994418,403000,AZN,,14.1,Mərdəkan,Bakı
4062818,17000,AZN,,1800.0,Nərimanov,Bakı
6420752,1650,AZN,3,110.4,Badamdar,Bakı
5976844,198016,AZN,1,58.3,Nardaran,Bakı
6126130,325000,AZN,,70.0,Koroğlu,Bakı
6435734,76000,AZN,,24.0,Nəsimi,Bakı
6269294,317000,AZN,2,120.0,Nəsimi,Bakı
6373602,380086,AZN,2,63.9,Nardaran,Bakı
6404979,231925,AZN,1,38.4,Nardaran,Bakı
6434317,330000,AZN,3,110.0,Şah İsmayıl Xətai,Bakı
4836094,1156250,AZN,,92.5,Şah İsmayıl Xətai,Bakı
4840140,3799950,AZN,,690.9,Şah İsmayıl Xətai,Bakı
6439934,220000,AZN,3,74.0,Yasamal,Bakı
6382424,295000,AZN,5,120.0,Əhmədli,Bakı
6106492,352400,AZN,3,106.8,20 Yanvar,Bakı
6330831,245000,AZN,2,98.0,İnşaatçılar,Bakı
6431984,514080,AZN,2,112.0,Nardaran,Bakı
6267664,6000,AZN,,240.0,Nərimanov,Bakı
6466302,415000,AZN,3,176.5,28 May,Bakı
5508932,597000,AZN,3,125.0,Nəriman Nərimanov,Bakı
5721807,563652,AZN,1,61.4,Nardaran,Bakı
6399792,92000,AZN,3,100.0,Bilgəh,Bakı
6420737,1150,AZN,2,87.4,Badamdar,Bakı
6438033,460000,AZN,3,108.0,Sahil,Bakı
6471250,257000,AZN,2,59.0,Bakmil,Bakı
6422616,119000,AZN,1,45.0,Sea Breeze,Bakı
6287002,210000,AZN,,1000.0,Türkan,Bakı
6454872,158000,AZN,2,68.0,Yeni Yasamal,Bakı
6427351,265000,AZN,2,51.0,Nəsimi,Bakı
5660026,398081,AZN,1,69.9,Nardaran,Bakı
6475769,266000,AZN,3,120.0,İnşaatçılar,Bakı
6461827,149000,AZN,4,120.0,,Xırdalan
5657212,338564,AZN,2,78.1,Nardaran,Bakı
6232532,400000,AZN,5,200.0,Mərdəkan,Bakı
6440548,181000,AZN,1,56.0,Nardaran,Bakı
6448372,279000,AZN,3,140.0,Sabunçu,Bakı
5444207,414596,AZN,3,87.1,Sea Breeze,Bakı
6442974,1200,AZN,3,150.0,Nəriman Nərimanov,Bakı
6329479,159900,AZN,4,145.0,Yeni Ramana,Bakı
6449124,159900,AZN,4,145.0,Yeni Ramana,Bakı
5475997,272000,AZN,1,55.4,Mərdəkan,Bakı
5510791,527000,AZN,2,107.6,Mərdəkan,Bakı
5506321,1241000,AZN,3,218.7,Mərdəkan,Bakı
5510774,714000,AZN,2,148.9,Mərdəkan,Bakı
5506311,306000,AZN,1,62.0,Mərdəkan,Bakı
6197306,221540,AZN,2,58.3,Azadlıq Prospekti,Bakı
5443970,272875,AZN,2,78.3,Sea Breeze,Bakı
6373636,246379,AZN,1,39.2,Nardaran,Bakı
6298742,655000,AZN,5,255.0,Mərdəkan,Bakı
6231295,345000,AZN,3,112.0,Nəriman Nərimanov,Bakı
6347457,100,AZN,3,100.0,,Qəbələ
6443394,2400,AZN,,1200.0,Atyalı,Bakı
6181912,532840,AZN,4,190.3,Koroğlu,Bakı
6181887,525000,AZN,4,175.9,Koroğlu,Bakı
6181862,404955,AZN,2,120.9,Koroğlu,Bakı
6181764,615420,AZN,3,237.0,Koroğlu,Bakı
6181837,382848,AZN,2,114.3,Koroğlu,Bakı
6181844,411989,AZN,2,123.0,Koroğlu,Bakı
6181901,510000,AZN,4,194.2,Koroğlu,Bakı
6232033,175000,AZN,,4.0,Şıxov,Bakı
6476082,140000,AZN,2,100.6,Lökbatan,Bakı
6451173,171999,AZN,3,54.5,20 Yanvar,Bakı
6398928,227000,AZN,3,98.7,Bakıxanov,Bakı
6267950,2400,AZN,,120.0,Nərimanov,Bakı
5443767,269748,AZN,1,57.7,Sea Breeze,Bakı
4586280,661063,AZN,3,104.3,Ağ şəhər,Bakı
4362132,686443,AZN,3,103.9,Ağ şəhər,Bakı
6478273,175000,AZN,3,68.0,Yeni Günəşli,Bakı
5516767,394944,AZN,2,70.4,Sea Breeze,Bakı
6292106,122000,AZN,2,55.0,,Xırdalan
6465247,9832,AZN,,1229.0,Nərimanov,Bakı
6478926,450000,AZN,4,118.0,Mərdəkan,Bakı
6426179,490000,AZN,7,170.0,Nardaran,Bakı
6468239,259000,AZN,4,180.0,Saray,Bakı
6471134,427000,AZN,3,106.7,Bakmil,Bakı
6425911,250000,AZN,,12.0,Nardaran,Bakı
6468230,385000,AZN,3,125.0,Şah İsmayıl Xətai,Bakı
6412147,50,AZN,2,95.0,Nərimanov,Bakı
6432833,2400,AZN,3,119.0,Şah İsmayıl Xətai,Bakı
5801307,268000,AZN,4,160.0,Şüvəlan,Bakı
6468078,192000,AZN,3,85.0,Əhmədli,Bakı
5514370,465335,AZN,2,74.0,Sea Breeze,Bakı
6423086,139900,AZN,2,55.0,Memar Əcəmi,Bakı
6400972,530000,AZN,4,200.0,28 May,Bakı
6423642,1100,AZN,2,112.0,Azadlıq Prospekti,Bakı
5544329,7000,AZN,,500.0,Elmlər Akademiyası,Bakı
6318991,460377,AZN,3,106.2,Nardaran,Bakı
5697512,465000,AZN,3,120.0,Şah İsmayıl Xətai,Bakı
6419114,230000,AZN,3,105.0,8-ci kilometr,Bakı
6439945,124900,AZN,4,100.0,Masazır,Bakı
6440409,920000,AZN,4,220.0,Nəsimi,Bakı
6476370,300000,AZN,4,148.9,Bakıxanov,Bakı
6428540,34000,AZN,,2.5,Məmmədli,Bakı
6313896,149000,AZN,2,58.0,,Sumqayıt
6219375,215000,AZN,4,140.0,Bakıxanov,Bakı
5505973,293046,AZN,2,101.4,Sea Breeze,Bakı
6080553,855000,AZN,12,480.0,Həzi Aslanov,Bakı
6284435,108000,AZN,2,72.8,,Sumqayıt
6457018,350000,AZN,3,110.0,Bibiheybət,Bakı
6201530,425000,AZN,3,129.0,Nərimanov,Bakı
6147926,655000,AZN,4,198.0,28 May,Bakı
5504076,467432,AZN,2,98.2,Sea Breeze,Bakı
5934247,570000,AZN,6,375.6,Şağan,Bakı
6440367,740000,AZN,4,194.0,Nəsimi,Bakı
6478372,397000,AZN,3,165.0,Nəsimi,Bakı
6328233,1800,AZN,5,240.0,Nizami,Bakı
6400830,320000,AZN,3,122.0,Şıxov,Bakı
6303700,210000,AZN,3,105.0,,Qəbələ
6457009,179500,AZN,3,60.0,Memar Əcəmi,Bakı
6349185,292000,AZN,3,69.0,Bakmil,Bakı
3430100,250,AZN,4,250.0,Novxanı,Bakı
6457922,218000,AZN,3,75.0,Xalqlar Dostluğu,Bakı
6398187,345000,AZN,3,105.0,28 May,Bakı
6413356,1500000,AZN,,281.3,Nizami,Bakı
6449762,369000,AZN,3,117.0,Nizami,Bakı
6451963,399000,AZN,2,115.0,Xətai,Bakı
5600151,424575,AZN,3,92.5,Sea Breeze,Bakı
6454618,239000,AZN,4,148.0,Mərdəkan,Bakı
6424527,7800,AZN,,200.0,Xətai,Bakı
6091316,134315,AZN,1,41.2,Nardaran,Bakı
6255412,499000,AZN,3,132.5,Nardaran,Bakı
6306825,245000,AZN,3,107.0,Xətai,Bakı
6091284,280312,AZN,2,90.5,Nardaran,Bakı
6091786,239955,AZN,2,73.9,Nardaran,Bakı
6459234,231200,AZN,5,136.0,Masazır,Bakı
6090824,135983,AZN,1,42.1,Nardaran,Bakı
6091770,140280,AZN,1,43.0,Nardaran,Bakı
6007298,820000,AZN,4,195.0,28 May,Bakı
6293273,298000,AZN,3,75.0,Yasamal,Bakı
6011006,580000,AZN,4,175.0,8 Noyabr,Bakı
5929571,128000,AZN,3,90.0,Biləcəri,Bakı
6252748,8000,AZN,,330.0,Nərimanov,Bakı
6473976,155000,AZN,4,133.5,Qaraçuxur,Bakı
6427803,209500,AZN,3,65.0,İnşaatçılar,Bakı
6338345,1500,AZN,5,200.0,Köhnə Günəşli,Bakı
6446903,428000,AZN,,145.0,Köhnə Günəşli,Bakı
6376359,294000,AZN,3,140.0,Xətai,Bakı
5505198,386844,AZN,1,64.1,Sea Breeze,Bakı
4585521,661685,AZN,3,104.0,Ağ şəhər,Bakı
4586415,657974,AZN,3,103.8,Ağ şəhər,Bakı
6392381,250,AZN,5,360.0,Şağan,Bakı
6467970,1000,AZN,2,60.0,Dərnəgül,Bakı
6358288,1480000,AZN,7,798.0,Şüvəlan,Bakı
6462079,134300,AZN,2,79.0,Masazır,Bakı
6434081,650000,AZN,3,120.0,Şah İsmayıl Xətai,Bakı
6437799,96000,AZN,2,62.0,Masazır,Bakı
4451841,385917,AZN,2,96.6,Nardaran,Bakı
6005770,89000,AZN,3,97.0,Ramana,Bakı
6097692,181500,AZN,2,65.0,Azadlıq Prospekti,Bakı
6074258,311000,AZN,3,105.0,Elmlər Akademiyası,Bakı
6368710,345000,AZN,4,155.0,Mərdəkan,Bakı
5656223,365000,AZN,4,170.0,Şüvəlan,Bakı
6379752,187000,AZN,4,140.0,Şüvəlan,Bakı
6147075,365000,AZN,4,170.0,Mərdəkan,Bakı
6390623,510000,AZN,4,165.0,Şüvəlan,Bakı
6171313,1180000,AZN,6,330.0,Şüvəlan,Bakı
5975672,290000,AZN,4,170.0,Mərdəkan,Bakı
6294637,175000,AZN,4,135.0,Buzovna,Bakı
6049962,230000,AZN,,7.0,,Sumqayıt
6398992,375000,AZN,4,160.0,Şüvəlan,Bakı
6448882,315000,AZN,2,74.0,Sea Breeze,Bakı
6350437,1800,AZN,3,250.0,Nəsimi,Bakı
6300641,450000,AZN,5,230.0,Mərdəkan,Bakı
6448840,375000,AZN,2,74.0,Sea Breeze,Bakı
6448858,229500,AZN,1,57.0,Sea Breeze,Bakı
6110748,265000,AZN,4,150.0,Mərdəkan,Bakı
5909404,210000,AZN,1,57.0,Sea Breeze,Bakı
6454273,73000,AZN,2,80.2,Yasamal,Bakı
6385788,43000,AZN,,22.0,Məmmədli,Bakı
6162089,365000,AZN,4,190.0,Mərdəkan,Bakı
6346006,410000,AZN,4,180.0,Həzi Aslanov,Bakı
6456906,410000,AZN,3,143.0,Nəsimi,Bakı
6249015,2200,AZN,,360.0,Ulduz,Bakı
6309565,1080000,AZN,4,176.7,Ağ şəhər,Bakı
6316749,188000,AZN,3,60.0,Memar Əcəmi,Bakı
6448815,210000,AZN,1,60.0,Nardaran,Bakı
6423334,189000,AZN,,59.0,28 May,Bakı
5909818,259000,AZN,3,96.0,Nərimanov,Bakı
6097835,293900,AZN,3,48.0,Sahil,Bakı
6419384,917600,AZN,4,248.0,Nəsimi,Bakı
6374947,1150000,AZN,4,258.0,Bayıl,Bakı
6473821,100,AZN,5,300.0,Badamdar,Bakı
6348684,938000,AZN,,350.0,İçəri Şəhər,Bakı
6387453,156000,AZN,2,55.0,20 Yanvar,Bakı
6405106,283560,AZN,2,69.5,Nardaran,Bakı
6437297,270000,AZN,3,90.0,Şah İsmayıl Xətai,Bakı
6299486,190513,AZN,2,40.9,Nardaran,Bakı
6473254,159000,AZN,2,60.0,Yeni Günəşli,Bakı
6376433,734000,AZN,,12229.4,,Biləsuvar
6334185,1600000,AZN,,22663.0,,Ağsu
6467029,78500,AZN,1,30.0,Buzovna,Bakı
6376408,140000,AZN,,2312.0,,Biləsuvar
6286872,200000,AZN,5,160.0,Yeni Günəşli,Bakı
6160875,2190000,AZN,,1305.8,Nərimanov,Bakı
6417678,290000,AZN,3,70.0,Nəriman Nərimanov,Bakı
6299431,231608,AZN,1,52.4,Nardaran,Bakı
6470715,203000,AZN,4,137.0,Saray,Xırdalan
6442919,130000,AZN,3,100.0,Novxanı,Bakı
6428728,300000,AZN,3,96.0,20 Yanvar,Bakı
6376395,155000,AZN,,2574.0,,Biləsuvar
6375925,363000,AZN,,4630.1,,Biləsuvar
6375257,2200000,AZN,,33.0,Ağ şəhər,Bakı
6373712,1230000,AZN,,162.0,,İsmayıllı
6373624,2750000,AZN,,2500.0,Hövsan,Bakı
6369753,265000,AZN,3,101.0,İnşaatçılar,Bakı
6219925,161288,AZN,1,34.5,Nardaran,Bakı
6370874,169000,AZN,2,80.0,İnşaatçılar,Bakı
5584249,5500,AZN,12,480.0,Xətai,Bakı
6330852,223958,AZN,1,37.6,Nardaran,Bakı
6426360,280000,AZN,2,69.0,Sea Breeze,Bakı
6465893,128000,AZN,1,30.0,Sea Breeze,Bakı
6220943,453700,AZN,2,69.3,Nardaran,Bakı
6461782,78300,AZN,,9.0,,İsmayıllı
6472938,379500,AZN,4,175.0,Memar Əcəmi,Bakı
6236121,180,AZN,2,99.0,Sea Breeze,Bakı
6472784,325000,AZN,3,110.0,Azadlıq Prospekti,Bakı
6234202,650643,AZN,2,90.9,Nardaran,Bakı
6478451,145000,AZN,2,67.0,Saray,Bakı
6371620,220000,AZN,4,160.0,Şüvəlan,Bakı
6289607,195000,AZN,4,135.0,Şüvəlan,Bakı
5840948,590000,AZN,4,250.0,Mərdəkan,Bakı
5523258,820000,AZN,5,250.0,Mərdəkan,Bakı
4832955,750000,AZN,6,400.0,Mərdəkan,Bakı
6176535,845000,AZN,6,400.0,Şüvəlan,Bakı
6175863,305000,AZN,4,160.0,Şüvəlan,Bakı
4909881,480000,AZN,4,220.0,Mərdəkan,Bakı
6286725,187000,AZN,4,145.0,Şüvəlan,Bakı
6034487,291312,AZN,2,61.2,Nardaran,Bakı
6273414,25,AZN,2,45.0,Masazır,Bakı
6470654,2500,AZN,3,100.0,Şah İsmayıl Xətai,Bakı
6393291,25,AZN,3,55.0,Masazır,Bakı
6400029,25,AZN,2,40.0,Masazır,Bakı
6379958,62000,AZN,3,60.0,Hökməli,Bakı
6375980,375000,AZN,4,160.0,Şüvəlan,Bakı
3760528,247500,AZN,1,55.0,Nəsimi,Bakı
6428009,529181,AZN,2,76.8,Nardaran,Bakı
5805433,431340,AZN,3,102.7,Nəsimi,Bakı
6078699,413712,AZN,3,67.6,,Qusar
6102920,298000,AZN,4,103.0,Nəriman Nərimanov,Bakı
6304815,268000,AZN,2,84.0,Nəriman Nərimanov,Bakı
6461851,168000,AZN,3,102.0,Abşeron,Xırdalan
6034177,250512,AZN,2,73.7,Nardaran,Bakı
6425641,199000,AZN,2,95.0,,Sumqayıt
6323014,132500,AZN,2,77.8,Lökbatan,Bakı
6384961,199000,AZN,3,113.5,Yeni Günəşli,Bakı
6339379,324000,AZN,2,82.0,Dərnəgül,Bakı
6451466,175000,AZN,3,115.0,Buzovna,Bakı
6478382,198000,AZN,2,90.0,Biləcəri,Bakı
5906152,1140000,AZN,2,98.0,Nəsimi,Bakı
5427830,6500000,AZN,,1800.0,Nərimanov,Bakı
6431998,285940,AZN,1,58.0,Nardaran,Bakı
6473762,1450,AZN,2,72.0,28 May,Bakı
6332416,80000,AZN,,8.0,Fatmayı,Bakı
6470627,660000,AZN,,11.0,Qaraçuxur,Bakı
6069997,1100,AZN,,100.0,,Xırdalan
6434165,2800,AZN,,80.0,İnşaatçılar,Bakı
6408290,213000,AZN,3,105.0,Əhmədli,Bakı
5951405,378000,AZN,2,96.0,Bayıl,Bakı
6409301,150,AZN,4,170.0,Mərdəkan,Bakı
5670536,547613,AZN,2,85.9,Nardaran,Bakı
6214597,280000,AZN,3,125.0,Badamdar,Bakı
4472756,134880,AZN,2,84.3,,Sumqayıt
6473615,117000,AZN,2,60.0,İnşaatçılar,Bakı
6414824,255000,AZN,3,127.0,Memar Əcəmi,Bakı
6432955,130000,AZN,2,35.0,28 May,Bakı
6470268,1100,AZN,,120.0,Nəriman Nərimanov,Bakı
5663441,219555,AZN,1,41.0,Nardaran,Bakı
6221479,98000,AZN,3,100.0,Kürdəxanı,Bakı
6373758,160000,AZN,,6.0,,Lerik
6375149,605000,AZN,,695.4,,Şəmkir
6237408,2465,AZN,3,181.0,28 May,Bakı
6009078,1600,AZN,3,150.0,Ağ şəhər,Bakı
6187790,200,AZN,2,115.0,Nardaran,Bakı
5657189,229322,AZN,1,52.9,Nardaran,Bakı
4387445,656180,AZN,4,187.48,28 May,Bakı
5880278,708000,AZN,4,236.0,28 May,Bakı
4387430,472150,AZN,3,134.9,28 May,Bakı
4387394,381045,AZN,3,108.87,28 May,Bakı
4984526,388480,AZN,3,121.4,28 May,Bakı
5730631,521400,AZN,3,173.8,28 May,Bakı
3642532,400,AZN,4,150.0,Şüvəlan,Bakı
6349093,430000,AZN,3,145.0,Şah İsmayıl Xətai,Bakı
4803687,1700000,AZN,,3300.0,Şüvəlan,Bakı
5937754,5600000,AZN,,34.0,Bakmil,Bakı
5771556,400000,AZN,3,135.0,Şah İsmayıl Xətai,Bakı
6425529,162000,AZN,2,60.0,Memar Əcəmi,Bakı
5724754,205264,AZN,1,47.4,Nardaran,Bakı
6401412,1000,AZN,,240.0,,Bərdə
6477935,598000,AZN,4,290.0,İnşaatçılar,Bakı
6476011,165000,AZN,1,45.0,Gənclik,Bakı
6434539,510000,AZN,3,125.0,Şah İsmayıl Xətai,Bakı
6439731,2000000,AZN,,250.0,Elmlər Akademiyası,Bakı
6353878,205000,AZN,,40.0,Abşeron,Bakı
5443920,308448,AZN,2,100.8,Sea Breeze,Bakı
6289192,595000,AZN,,79.0,Nizami,Bakı
6451497,344640,AZN,3,107.7,Azadlıq Prospekti,Bakı
6289200,750000,AZN,,98.5,Nizami,Bakı
6049090,205000,AZN,1,54.0,Sea Breeze,Bakı
6289194,1350000,AZN,,177.5,Nizami,Bakı
6312405,1250000,AZN,,115.0,Sahil,Bakı
6439763,2680,AZN,4,134.0,28 May,Bakı
6041179,2300000,AZN,,212.0,Elmlər Akademiyası,Bakı
5443739,290955,AZN,2,81.5,Sea Breeze,Bakı
6273617,1950000,AZN,,19.0,Əhmədli,Bakı
6312398,850000,AZN,,127.0,Elmlər Akademiyası,Bakı
6041145,1800000,AZN,,320.0,Nizami,Bakı
6405005,40000,AZN,,3.7,,Quba
6041172,1400000,AZN,,98.5,Elmlər Akademiyası,Bakı
6267006,375000,AZN,2,68.0,Şah İsmayıl Xətai,Bakı
6381300,3000,AZN,5,250.0,Nərimanov,Bakı
5625195,2700,AZN,7,200.0,İçəri Şəhər,Bakı
6439381,178000,AZN,3,100.0,,Qəbələ
6438426,28500,AZN,,15.0,,Şamaxı
6422932,135000,AZN,9,462.0,,Gəncə
5516616,259080,AZN,1,50.8,Sea Breeze,Bakı
6440199,73500,AZN,,3.5,Mehdiabad,Bakı
5703458,115000,AZN,,6.0,Buzovna,Bakı
5628256,400000,AZN,4,200.0,Elmlər Akademiyası,Bakı
6445608,6000,AZN,2,380.0,28 May,Bakı
5514453,639520,AZN,2,129.8,Sea Breeze,Bakı
6415136,225000,AZN,,6.0,Yeni Ramana,Bakı
6392222,235000,AZN,2,60.0,Elmlər Akademiyası,Bakı
5717428,344640,AZN,3,107.7,Azadlıq Prospekti,Bakı
6147822,333870,AZN,3,107.7,Azadlıq Prospekti,Bakı
6148461,341000,AZN,3,110.0,Azadlıq Prospekti,Bakı
6202455,341000,AZN,3,110.0,Azadlıq Prospekti,Bakı
6426070,540000,AZN,3,159.0,8 Noyabr,Bakı
6419961,580000,AZN,7,450.0,Badamdar,Bakı
6467685,485000,AZN,3,86.0,Ağ şəhər,Bakı
6445599,129000,AZN,2,54.1,,Xırdalan
5721965,63000,AZN,4,108.0,Novxanı,Bakı
6394234,5950000,AZN,,1590.0,8 Noyabr,Bakı
6311887,420000,AZN,4,145.0,İçəri Şəhər,Bakı
6475969,128000,AZN,3,93.0,,Xırdalan
2872143,400,AZN,,1350.0,Əmircan,Bakı
6082899,322000,AZN,3,100.0,Elmlər Akademiyası,Bakı
6445134,130000,AZN,2,60.0,Köhnə Günəşli,Bakı
6474015,117000,AZN,3,138.0,Hövsan,Bakı
5404076,355000,AZN,3,110.0,Nizami,Bakı
6321635,387000,AZN,2,85.0,Şah İsmayıl Xətai,Bakı
6463148,146000,AZN,4,81.7,Buzovna,Bakı
6414716,429000,AZN,3,106.0,Nəriman Nərimanov,Bakı
6318995,476339,AZN,4,134.1,Nardaran,Bakı
5976027,290000,AZN,4,170.0,Mərdəkan,Bakı
6146693,555000,AZN,5,300.0,Mərdəkan,Bakı
6395966,120000,AZN,3,68.0,Masazır,Bakı
6445548,199000,AZN,3,110.0,,Xırdalan
6059886,450000,AZN,4,184.0,Nəriman Nərimanov,Bakı
6413960,1600,AZN,6,150.0,Nizami,Bakı
6211674,270000,AZN,4,140.0,Şüvəlan,Bakı
6390777,325000,AZN,3,147.0,8-ci mikrorayon,Bakı
6451938,1500,AZN,2,70.0,Şah İsmayıl Xətai,Bakı
6376906,295000,AZN,3,125.0,İnşaatçılar,Bakı
5824417,144450,AZN,4,107.0,Məmmədli,Bakı
5883708,99900,AZN,2,74.0,Məmmədli,Bakı
5504945,459306,AZN,2,94.8,Sea Breeze,Bakı
6175853,250,AZN,3,110.0,Bilgəh,Bakı
5827517,181000,AZN,2,56.5,Yasamal,Bakı
5056392,300000,AZN,1,75.0,Sea Breeze,Bakı
4967643,236168,AZN,2,89.1,Dərnəgül,Bakı
6454440,450000,AZN,3,90.0,Sahil,Bakı
6444349,250000,AZN,3,104.0,,Sumqayıt
4472383,72640,AZN,1,45.4,,Sumqayıt
6175727,300,AZN,5,180.0,Bilgəh,Bakı
6458630,120000,AZN,2,35.0,Memar Əcəmi,Bakı
6404756,220000,AZN,3,126.3,Nizami,Bakı
6327422,900,AZN,,60.0,28 May,Bakı
4768323,1200000,AZN,5,230.0,Nardaran,Bakı
5827932,233400,AZN,2,77.8,20 Yanvar,Bakı
6465534,262150,AZN,3,74.9,20 Yanvar,Bakı
6412250,198000,AZN,2,46.0,Koroğlu,Bakı
5504127,416500,AZN,2,98.0,Sea Breeze,Bakı
6442333,155000,AZN,2,45.0,Avtovağzal,Bakı
6391494,140000,AZN,1,57.0,Sea Breeze,Bakı
5010781,279000,AZN,1,47.0,Sea Breeze,Bakı
6049365,414000,AZN,2,102.0,Sea Breeze,Bakı
6406243,233,AZN,3,100.0,Elmlər Akademiyası,Bakı
6470606,89500,AZN,2,69.0,,Xırdalan
6412501,765000,AZN,3,139.0,Sea Breeze,Bakı
6412505,409000,AZN,2,78.0,Sea Breeze,Bakı
6412495,299000,AZN,1,57.0,Sea Breeze,Bakı
6327057,250000,AZN,,17.0,Digah,Bakı
4158518,538500,AZN,4,179.5,8 Noyabr,Bakı
4090254,401082,AZN,3,129.8,8 Noyabr,Bakı
4223527,401700,AZN,3,130.0,8 Noyabr,Bakı
3916315,283081,AZN,3,89.3,8 Noyabr,Bakı
6283839,353000,AZN,3,134.0,8 Noyabr,Bakı
3916248,289731,AZN,3,89.7,8 Noyabr,Bakı
4114907,436800,AZN,3,130.0,8 Noyabr,Bakı
4170452,163115,AZN,2,50.5,8 Noyabr,Bakı
4114924,263360,AZN,3,82.3,8 Noyabr,Bakı
4090316,554655,AZN,4,179.5,8 Noyabr,Bakı
5936841,233000,AZN,2,98.0,Nardaran,Bakı
5869316,232000,AZN,2,76.0,Nardaran,Bakı
4223502,404976,AZN,3,129.8,8 Noyabr,Bakı
4057824,158570,AZN,2,50.5,8 Noyabr,Bakı
4530269,536928,AZN,3,150.4,Nardaran,Bakı
4127590,287040,AZN,3,89.7,8 Noyabr,Bakı
4076305,164630,AZN,2,50.5,8 Noyabr,Bakı
4170473,268298,AZN,3,82.3,8 Noyabr,Bakı
6478082,110000,AZN,,21.0,,Sumqayıt
4158487,160085,AZN,2,50.5,8 Noyabr,Bakı
5974828,2000,AZN,,95.0,Şah İsmayıl Xətai,Bakı
6039297,60,AZN,2,80.0,28 May,Bakı
3334218,245000,AZN,1,59.4,Nardaran,Bakı
4672911,165500,AZN,1,48.0,Nardaran,Bakı
6295052,272000,AZN,1,54.0,Sea Breeze,Bakı
4212393,174000,AZN,1,58.0,Nardaran,Bakı
6444730,420000,AZN,3,161.0,Nəriman Nərimanov,Bakı
6458688,2300,AZN,,340.0,Nərimanov,Bakı
4810709,935000,AZN,7,310.0,Nardaran,Bakı
6445352,157000,AZN,,55.0,28 May,Bakı
6133209,655000,AZN,3,148.0,Elmlər Akademiyası,Bakı
6424169,118500,AZN,1,42.0,Binəqədi,Bakı
4435565,279000,AZN,1,57.0,Nardaran,Bakı
5066956,705500,AZN,3,138.0,Sea Breeze,Bakı
4513499,548505,AZN,1,71.7,Nardaran,Bakı
6460421,128000,AZN,2,45.0,Memar Əcəmi,Bakı
6475894,365000,AZN,4,153.0,Nəriman Nərimanov,Bakı
6464217,644000,AZN,4,127.0,Şah İsmayıl Xətai,Bakı
6475821,420000,AZN,4,173.0,Səbail,Bakı
6255305,375000,AZN,3,136.0,8 Noyabr,Bakı
4738960,314250,AZN,1,75.0,Nizami,Bakı
6252246,955500,AZN,3,195.0,Nizami,Bakı
6029528,353460,AZN,2,86.0,Nizami,Bakı
4738972,505440,AZN,2,117.0,Nizami,Bakı
6029578,487890,AZN,2,117.0,Nizami,Bakı
6041364,1013460,AZN,5,254.0,Nizami,Bakı
6041162,1023700,AZN,4,290.0,Nizami,Bakı
6250444,1125650,AZN,5,235.0,Nizami,Bakı
6345039,3000,AZN,,1060.0,Masazır,Bakı
6041094,768570,AZN,4,187.0,Nizami,Bakı
6250487,615450,AZN,3,165.0,Nizami,Bakı
5146201,632940,AZN,3,154.0,Nizami,Bakı
6472506,640000,AZN,,40.0,Nardaran,Bakı
5798925,574000,AZN,3,117.0,Ağ şəhər,Bakı
6224003,318000,AZN,3,109.0,20 Yanvar,Bakı
6029618,491400,AZN,2,117.0,Nizami,Bakı
6466051,345000,AZN,2,68.0,Elmlər Akademiyası,Bakı
6391861,3500,AZN,,2000.0,Dərnəgül,Bakı
5646958,790000,AZN,4,225.0,Nərimanov,Bakı
6406890,123000,AZN,3,77.0,,Xırdalan
5510792,15000,AZN,,770.0,Ağ şəhər,Bakı
4744384,648740,AZN,3,163.0,Nizami,Bakı
4744383,665040,AZN,3,163.0,Nizami,Bakı
4893906,513630,AZN,2,117.0,Nizami,Bakı
5773211,3500,AZN,,80.0,İçəri Şəhər,Bakı
4738969,908600,AZN,4,220.0,Nizami,Bakı
4738965,968820,AZN,4,241.0,Nizami,Bakı
6432206,950,AZN,2,70.0,Badamdar,Bakı
6418253,175000,AZN,3,72.0,Bakıxanov,Bakı
5970060,150,AZN,5,210.0,Novxanı,Bakı
5972621,253000,AZN,4,105.0,Xalqlar Dostluğu,Bakı
6399519,175000,AZN,4,189.3,Məmmədli,Bakı
6466346,345000,AZN,2,68.0,Elmlər Akademiyası,Bakı
5946115,199000,AZN,2,45.0,Nərimanov,Bakı
6248327,240000,AZN,2,100.0,Nəsimi,Bakı
6284402,210000,AZN,3,60.0,Nəsimi,Bakı
6403831,175000,AZN,4,110.0,Şüvəlan,Bakı
6403821,390000,AZN,4,170.0,Mərdəkan,Bakı
5862835,105700,AZN,2,75.5,Masazır,Bakı
6064294,310000,AZN,4,110.0,7-ci mikrorayon,Bakı
6273855,355000,AZN,3,113.0,Azadlıq Prospekti,Bakı
5501175,286671,AZN,2,80.3,Sea Breeze,Bakı
6131203,62000,AZN,,4.5,Şüvəlan,Bakı
6433953,410000,AZN,3,152.0,Badamdar,Bakı
6450843,194800,AZN,3,73.0,Yeni Günəşli,Bakı
6316898,249000,AZN,3,131.0,Yeni Yasamal,Bakı
6222651,365000,AZN,3,116.0,Nəsimi,Bakı
6238695,325000,AZN,3,79.0,Nəsimi,Bakı
6157697,145000,AZN,,6.0,Mərdəkan,Bakı
5642771,142560,AZN,4,105.6,Məmmədli,Bakı
6223302,755000,AZN,4,185.0,Elmlər Akademiyası,Bakı
6402058,150,AZN,3,80.0,İnşaatçılar,Bakı
6157412,877000,AZN,5,320.0,Bilgəh,Bakı
4967505,244755,AZN,3,90.6,Dərnəgül,Bakı
4965966,229880,AZN,2,82.1,Dərnəgül,Bakı
4967529,282750,AZN,3,113.1,Dərnəgül,Bakı
6297859,295000,AZN,3,134.0,Əhmədli,Bakı
5047064,909500,AZN,5,267.5,Nizami,Bakı
5873323,2539300,AZN,5,379.0,Bayıl,Bakı
5554008,340000,AZN,,10.0,Buzovna,Bakı
6358629,282278,AZN,2,64.0,Sea Breeze,Bakı
6307508,230000,AZN,4,130.0,Şüvəlan,Bakı
6284004,285000,AZN,4,155.0,Şüvəlan,Bakı
6211954,248000,AZN,4,160.0,Şüvəlan,Bakı
6306883,370000,AZN,4,155.0,Mərdəkan,Bakı
5892579,1700,AZN,6,110.0,Nərimanov,Bakı
5646814,1132380,AZN,4,251.6,Şah İsmayıl Xətai,Bakı
