id,price,currency,rooms,area,floor,hasRepair,location,city,price_per_m2
6466784,303000,AZN,3,105.0,9.0,True,İnşaatçılar,Bakı,2885.71
6406285,303000,AZN,3,86.3,9.0,True,Qara Qarayev,Bakı,3511.01
6376906,295000,AZN,3,125.0,17.0,True,İnşaatçılar,Bakı,2360.0
6486957,465000,AZN,3,140.0,4.0,True,Şah İsmayıl Xətai,Bakı,3321.43
6445114,66300,AZN,1,40.0,4.0,True,Masazır,Bakı,1657.5
5824417,144450,AZN,4,107.0,7.0,False,Məmmədli,Bakı,1350.0
5883708,99900,AZN,2,74.0,8.0,False,Məmmədli,Bakı,1350.0
6383069,369500,AZN,3,86.6,2.0,True,Sea Breeze,Bakı,4266.74
5504945,459306,AZN,2,94.8,4.0,True,Sea Breeze,Bakı,4845.0
5056392,300000,AZN,1,75.0,4.0,True,Sea Breeze,Bakı,4000.0
4967643,236168,AZN,2,89.1,6.0,False,Dərnəgül,Bakı,2650.59
6454440,450000,AZN,3,90.0,10.0,True,Sahil,Bakı,5000.0
6455968,230000,AZN,2,68.7,8.0,True,8 Noyabr,Bakı,3347.89
6458630,120000,AZN,2,35.0,1.0,True,Memar Əcəmi,Bakı,3428.57
6404756,220000,AZN,3,126.3,17.0,True,Nizami,Bakı,1741.88
6484180,355000,AZN,5,150.0,3.0,True,Səbail,Bakı,2366.67
6464305,850000,AZN,8,390.0,,False,Sea Breeze,Bakı,2179.49
6049090,205000,AZN,1,54.0,1.0,False,Sea Breeze,Bakı,3796.3
4768323,1200000,AZN,5,230.0,,True,Nardaran,Bakı,5217.39
6464483,278280,AZN,3,77.3,15.0,True,20 Yanvar,Bakı,3600.0
5827932,233400,AZN,2,77.8,20.0,True,20 Yanvar,Bakı,3000.0
6465534,262150,AZN,3,74.9,2.0,True,20 Yanvar,Bakı,3500.0
6412250,198000,AZN,2,46.0,5.0,True,Koroğlu,Bakı,4304.35
6464007,585000,AZN,4,170.0,,True,Mərdəkan,Bakı,3441.18
5504127,416500,AZN,2,98.0,4.0,False,Sea Breeze,Bakı,4250.0
6442333,155000,AZN,2,45.0,13.0,True,Avtovağzal,Bakı,3444.44
6391494,140000,AZN,1,57.0,2.0,False,Sea Breeze,Bakı,2456.14
5010781,279000,AZN,1,47.0,3.0,True,Sea Breeze,Bakı,5936.17
6049365,414000,AZN,2,102.0,4.0,False,Sea Breeze,Bakı,4058.82
6412501,765000,AZN,3,139.0,4.0,True,Sea Breeze,Bakı,5503.6
6412505,409000,AZN,2,78.0,2.0,True,Sea Breeze,Bakı,5243.59
6412495,299000,AZN,1,57.0,4.0,True,Sea Breeze,Bakı,5245.61
4158518,538500,AZN,4,179.5,3.0,False,8 Noyabr,Bakı,3000.0
4090254,401082,AZN,3,129.8,6.0,False,8 Noyabr,Bakı,3090.0
4223527,401700,AZN,3,130.0,6.0,False,8 Noyabr,Bakı,3090.0
6486914,148000,AZN,3,48.0,3.0,True,Həzi Aslanov,Bakı,3083.33
3916315,283081,AZN,3,89.3,7.0,False,8 Noyabr,Bakı,3170.0
6283839,353000,AZN,3,134.0,6.0,True,8 Noyabr,Bakı,2634.33
3916248,289731,AZN,3,89.7,9.0,False,8 Noyabr,Bakı,3230.0
4114907,436800,AZN,3,130.0,15.0,False,8 Noyabr,Bakı,3360.0
4170452,163115,AZN,2,50.5,9.0,False,8 Noyabr,Bakı,3230.0
4114924,263360,AZN,3,82.3,8.0,False,8 Noyabr,Bakı,3200.0
4090316,554655,AZN,4,179.5,6.0,False,8 Noyabr,Bakı,3090.0
5936841,233000,AZN,2,98.0,9.0,False,Nardaran,Bakı,2377.55
5869316,232000,AZN,2,76.0,2.0,False,Nardaran,Bakı,3052.63
4223502,404976,AZN,3,129.8,7.0,False,8 Noyabr,Bakı,3120.0
4057824,158570,AZN,2,50.5,6.0,False,8 Noyabr,Bakı,3140.0
4530269,536928,AZN,3,150.4,4.0,False,Nardaran,Bakı,3570.0
4127590,287040,AZN,3,89.7,8.0,False,8 Noyabr,Bakı,3200.0
4076305,164630,AZN,2,50.5,10.0,False,8 Noyabr,Bakı,3260.0
4170473,268298,AZN,3,82.3,10.0,False,8 Noyabr,Bakı,3260.0
4158487,160085,AZN,2,50.5,7.0,False,8 Noyabr,Bakı,3170.0
3334218,245000,AZN,1,59.4,,True,Nardaran,Bakı,4124.58
6485118,600000,AZN,2,110.0,6.0,True,İçəri Şəhər,Bakı,5454.55
4672911,165500,AZN,1,48.0,3.0,False,Nardaran,Bakı,3447.92
6295052,272000,AZN,1,54.0,3.0,True,Sea Breeze,Bakı,5037.04
6453631,120000,AZN,2,40.0,4.0,True,Qara Qarayev,Bakı,3000.0
4212393,174000,AZN,1,58.0,2.0,False,Nardaran,Bakı,3000.0
6444730,420000,AZN,3,161.0,3.0,True,Nəriman Nərimanov,Bakı,2608.7
4810709,935000,AZN,7,310.0,,False,Nardaran,Bakı,3016.13
6424169,118500,AZN,1,42.0,1.0,True,Binəqədi,Bakı,2821.43
4435565,279000,AZN,1,57.0,2.0,True,Nardaran,Bakı,4894.74
5066956,705500,AZN,3,138.0,7.0,True,Sea Breeze,Bakı,5112.32
4513499,548505,AZN,1,71.7,7.0,True,Nardaran,Bakı,7650.0
6475894,365000,AZN,4,153.0,8.0,True,Nəriman Nərimanov,Bakı,2385.62
6464217,644000,AZN,4,127.0,10.0,True,Şah İsmayıl Xətai,Bakı,5070.87
6468135,137000,AZN,3,74.0,14.0,True,Yasamal,Bakı,1851.35
6475821,420000,AZN,4,173.0,15.0,False,Səbail,Bakı,2427.75
6255305,375000,AZN,3,136.0,10.0,True,8 Noyabr,Bakı,2757.35
4738960,314250,AZN,1,75.0,3.0,False,Nizami,Bakı,4190.0
6252246,955500,AZN,3,195.0,16.0,False,Nizami,Bakı,4900.0
6029528,353460,AZN,2,86.0,3.0,False,Nizami,Bakı,4110.0
6395524,758500,AZN,4,185.0,15.0,False,Ağ şəhər,Bakı,4100.0
4738972,505440,AZN,2,117.0,10.0,False,Nizami,Bakı,4320.0
6029578,487890,AZN,2,117.0,4.0,False,Nizami,Bakı,4170.0
6041364,1013460,AZN,5,254.0,4.0,False,Nizami,Bakı,3990.0
6354515,580000,AZN,3,170.0,4.0,False,Şah İsmayıl Xətai,Bakı,3411.76
6041162,1023700,AZN,4,290.0,3.0,False,Nizami,Bakı,3530.0
6250444,1125650,AZN,5,235.0,15.0,False,Nizami,Bakı,4790.0
6041094,768570,AZN,4,187.0,4.0,False,Nizami,Bakı,4110.0
6250487,615450,AZN,3,165.0,3.0,False,Nizami,Bakı,3730.0
5146201,632940,AZN,3,154.0,4.0,False,Nizami,Bakı,4110.0
5798925,574000,AZN,3,117.0,6.0,False,Ağ şəhər,Bakı,4905.98
6470178,133000,AZN,2,45.0,4.0,True,Əhmədli,Bakı,2955.56
6029618,491400,AZN,2,117.0,5.0,False,Nizami,Bakı,4200.0
5646958,790000,AZN,4,225.0,10.0,False,Nərimanov,Bakı,3511.11
4744384,648740,AZN,3,163.0,6.0,False,Nizami,Bakı,3980.0
6479812,4020000,AZN,12,772.0,14.0,True,Şah İsmayıl Xətai,Bakı,5207.25
4744383,665040,AZN,3,163.0,10.0,False,Nizami,Bakı,4080.0
4893906,513630,AZN,2,117.0,13.0,False,Nizami,Bakı,4390.0
4738969,908600,AZN,4,220.0,10.0,False,Nizami,Bakı,4130.0
4738965,968820,AZN,4,241.0,3.0,False,Nizami,Bakı,4020.0
6458634,469000,AZN,3,142.0,7.0,True,8 Noyabr,Bakı,3302.82
5972621,249500,AZN,4,105.0,2.0,True,Xalqlar Dostluğu,Bakı,2376.19
5946115,199000,AZN,2,45.0,3.0,True,Nərimanov,Bakı,4422.22
6248327,240000,AZN,2,100.0,4.0,True,Nəsimi,Bakı,2400.0
6284402,210000,AZN,3,60.0,10.0,True,Nəsimi,Bakı,3500.0
6064294,310000,AZN,4,110.0,16.0,True,7-ci mikrorayon,Bakı,2818.18
6273855,355000,AZN,3,113.0,4.0,True,Azadlıq Prospekti,Bakı,3141.59
5501175,286671,AZN,2,80.3,1.0,False,Sea Breeze,Bakı,3570.0
5988281,280000,AZN,2,112.0,12.0,True,Nəsimi,Bakı,2500.0
5999298,69000,AZN,1,72.4,2.0,False,Abşeron,Xırdalan,953.04
6316898,249000,AZN,3,131.0,6.0,True,Yeni Yasamal,Bakı,1900.76
6483011,520000,AZN,3,125.0,20.0,True,Şah İsmayıl Xətai,Bakı,4160.0
6222651,365000,AZN,3,116.0,14.0,True,Nəsimi,Bakı,3146.55
6238695,325000,AZN,3,79.0,8.0,True,Nəsimi,Bakı,4113.92
5552128,414766,AZN,2,110.9,4.0,False,Sea Breeze,Bakı,3740.0
6431979,257499,AZN,1,56.1,2.0,False,Nardaran,Bakı,4590.0
6439440,85000,AZN,3,100.0,,True,Abşeron,Bakı,850.0
6443448,255000,AZN,3,80.0,3.0,True,Yasamal,Bakı,3187.5
3466697,909500,AZN,5,267.5,7.0,False,Nizami,Bakı,3400.0
6386543,715000,AZN,4,160.0,10.0,True,Nizami,Bakı,4468.75
5044313,456000,AZN,2,114.0,2.0,True,Nizami,Bakı,4000.0
5047008,783360,AZN,4,230.4,5.0,False,Nizami,Bakı,3400.0
5047084,909500,AZN,5,267.5,7.0,False,Nəsimi,Bakı,3400.0
6409548,64000,AZN,2,53.0,,True,Sabunçu,Bakı,1207.55
5786668,416000,AZN,2,104.0,3.0,True,Nizami,Bakı,4000.0
6472459,114000,AZN,3,80.0,4.0,True,Masazır,Bakı,1425.0
5555449,449616,AZN,2,82.7,4.0,True,Sea Breeze,Bakı,5436.71
5786592,348000,AZN,2,87.0,2.0,True,Nizami,Bakı,4000.0
6484996,215000,AZN,4,160.0,,True,Şüvəlan,Bakı,1343.75
5047211,592960,AZN,3,174.4,2.0,False,Nizami,Bakı,3400.0
4897668,990000,AZN,12,500.0,,False,Sahil,Bakı,1980.0
6303020,310000,AZN,3,135.0,2.0,True,Qara Qarayev,Bakı,2296.3
6458467,260000,AZN,4,135.0,,True,Xocəsən,Bakı,1925.93
4078471,606060,AZN,4,163.8,15.0,False,Nizami,Bakı,3700.0
6382259,383775,AZN,2,90.3,11.0,False,Nardaran,Bakı,4250.0
6462931,199000,AZN,3,107.0,9.0,True,Zığ,Bakı,1859.81
6268026,5000000,AZN,10,500.0,,True,Bilgəh,Bakı,10000.0
6450838,325000,AZN,4,185.0,,True,Badamdar,Bakı,1756.76
6452537,365000,AZN,4,160.0,16.0,True,İnşaatçılar,Bakı,2281.25
6457552,270000,AZN,1,46.0,2.0,True,Nardaran,Bakı,5869.57
6473124,115000,AZN,1,44.0,4.0,False,Sea Breeze,Bakı,2613.64
6473127,170000,AZN,2,65.0,2.0,False,Sea Breeze,Bakı,2615.38
6473129,120000,AZN,1,44.0,6.0,False,Sea Breeze,Bakı,2727.27
6473131,91000,AZN,1,38.0,8.0,False,Sea Breeze,Bakı,2394.74
6483844,112000,AZN,2,45.0,11.0,True,Abşeron,Xırdalan,2488.89
5863380,395148,AZN,2,89.4,8.0,True,Nardaran,Bakı,4420.0
5863392,454580,AZN,3,95.5,4.0,True,Nardaran,Bakı,4760.0
6481046,79500,AZN,2,44.0,4.0,True,Masazır,Bakı,1806.82
6474029,340000,AZN,4,167.0,,True,Badamdar,Bakı,2035.93
6346834,385000,AZN,3,116.0,10.0,True,28 May,Bakı,3318.97
5647358,395000,AZN,3,140.0,5.0,True,Nəriman Nərimanov,Bakı,2821.43
6360306,250000,AZN,5,120.0,8.0,True,Xalqlar Dostluğu,Bakı,2083.33
6473901,376000,AZN,3,155.0,11.0,True,Nəsimi,Bakı,2425.81
6478981,430000,AZN,3,144.0,14.0,True,Nərimanov,Bakı,2986.11
6352409,350000,AZN,6,390.0,,False,Pirşağı,Bakı,897.44
6483307,372000,AZN,3,116.0,11.0,False,Azadlıq Prospekti,Bakı,3206.9
6447846,650000,AZN,4,195.0,4.0,False,28 May,Bakı,3333.33
6458089,239000,AZN,3,90.0,4.0,True,Əhmədli,Bakı,2655.56
6429468,270000,AZN,3,83.0,12.0,True,Yasamal,Bakı,3253.01
6329692,105000,AZN,3,82.0,,True,Binə,Bakı,1280.49
6473339,178000,AZN,3,76.0,2.0,True,Yeni Günəşli,Bakı,2342.11
6379586,115000,AZN,2,50.0,5.0,True,Həzi Aslanov,Bakı,2300.0
6336682,325000,AZN,3,100.0,5.0,True,Şah İsmayıl Xətai,Bakı,3250.0
6419742,494784,AZN,4,154.6,6.0,False,Badamdar,Bakı,3200.41
6471657,188000,AZN,5,150.0,,True,Bakıxanov,Bakı,1253.33
6419736,332134,AZN,2,107.4,3.0,False,Badamdar,Bakı,3092.5
6484542,93000,AZN,2,77.0,1.0,True,Masazır,Bakı,1207.79
6467295,435000,AZN,4,190.0,12.0,True,Nəsimi,Bakı,2289.47
6020217,495000,AZN,3,93.0,3.0,True,Sea Breeze,Bakı,5322.58
6476374,187000,AZN,3,80.0,3.0,True,Bakıxanov,Bakı,2337.5
6411794,565000,AZN,3,120.0,7.0,True,Nizami,Bakı,4708.33
6279253,499000,AZN,3,200.0,,True,Mərdəkan,Bakı,2495.0
6422602,650000,AZN,3,400.0,18.0,True,Nəriman Nərimanov,Bakı,1625.0
5979204,690000,AZN,6,230.0,,True,Buzovna,Bakı,3000.0
6480790,195000,AZN,3,80.0,5.0,True,Həzi Aslanov,Bakı,2437.5
6483546,258000,AZN,3,140.0,5.0,False,Əhmədli,Bakı,1842.86
6474700,695000,AZN,4,152.0,9.0,True,Nəsimi,Bakı,4572.37
6486689,450000,AZN,2,100.0,8.0,True,Nəriman Nərimanov,Bakı,4500.0
6434895,415000,AZN,4,156.0,15.0,True,Binəqədi,Bakı,2660.26
6422488,450000,AZN,2,100.0,8.0,True,Nəriman Nərimanov,Bakı,4500.0
6419656,410000,AZN,3,152.0,4.0,True,Badamdar,Bakı,2697.37
6454101,285000,AZN,2,110.0,17.0,True,Nəsimi,Bakı,2590.91
6409676,79500,AZN,2,87.0,13.0,False,Masazır,Bakı,913.79
5902710,190000,AZN,3,95.0,3.0,True,Lökbatan,Bakı,2000.0
6458506,149000,AZN,4,120.0,,True,Masazır,Bakı,1241.67
6375171,256000,AZN,2,72.1,6.0,True,7-ci mikrorayon,Bakı,3550.62
6450580,249000,AZN,5,150.0,,True,Savalan,Bakı,1660.0
6475474,235000,AZN,3,101.0,14.0,True,Həzi Aslanov,Bakı,2326.73
6461236,450000,AZN,2,100.0,8.0,True,Nəriman Nərimanov,Bakı,4500.0
6445151,137000,AZN,3,76.0,3.0,True,Hövsan,Bakı,1802.63
6447851,159000,AZN,2,40.0,12.0,True,Bayıl,Bakı,3975.0
6395676,990000,AZN,8,400.0,,True,Badamdar,Bakı,2475.0
6223078,310000,AZN,3,144.0,5.0,False,28 May,Bakı,2152.78
6286399,221000,AZN,3,114.0,8.0,False,Həzi Aslanov,Bakı,1938.6
6475707,230000,AZN,4,211.6,,False,Pirallahı,Bakı,1086.96
5566735,429000,AZN,4,173.0,3.0,False,Koroğlu,Bakı,2479.77
6409683,310000,AZN,3,137.0,7.0,True,8-ci kilometr,Bakı,2262.77
6486619,470000,AZN,4,170.0,15.0,True,Şah İsmayıl Xətai,Bakı,2764.71
6483063,124000,AZN,2,30.0,4.0,True,Memar Əcəmi,Bakı,4133.33
6457185,130000,AZN,6,220.0,,True,Hövsan,Bakı,590.91
6260372,149000,AZN,3,120.0,,True,Novxanı,Bakı,1241.67
6384284,315000,AZN,3,110.0,17.0,True,Qara Qarayev,Bakı,2863.64
6412278,330000,AZN,3,105.0,12.0,True,Neftçilər,Bakı,3142.86
6346763,1065000,AZN,4,176.8,7.0,False,Ağ şəhər,Bakı,6023.76
6484978,295000,AZN,4,160.0,,True,Mərdəkan,Bakı,1843.75
6347322,560000,AZN,4,210.0,12.0,True,Nəsimi,Bakı,2666.67
6455085,127500,AZN,2,62.0,11.0,True,Abşeron,Xırdalan,2056.45
6486554,100000,AZN,5,240.0,,False,Zığ,Bakı,416.67
6382436,954900,AZN,4,241.0,12.0,False,Nəsimi,Bakı,3962.24
6453668,365000,AZN,3,92.0,15.0,True,Nəsimi,Bakı,3967.39
6486009,129000,AZN,6,160.0,,True,Hökməli,Bakı,806.25
6476193,185000,AZN,3,83.0,7.0,True,Bakıxanov,Bakı,2228.92
6434051,288000,AZN,3,110.0,7.0,True,Həzi Aslanov,Bakı,2618.18
6482014,195000,AZN,2,55.0,3.0,True,İnşaatçılar,Bakı,3545.45
6484643,87000,AZN,2,55.0,5.0,True,Masazır,Bakı,1581.82
6486022,435000,AZN,3,115.0,16.0,True,Şah İsmayıl Xətai,Bakı,3782.61
6335225,219000,AZN,3,85.0,3.0,True,Nəsimi,Bakı,2576.47
6412525,143000,AZN,2,65.0,5.0,True,Abşeron,Xırdalan,2200.0
6462634,330000,AZN,3,97.0,13.0,True,Elmlər Akademiyası,Bakı,3402.06
6476769,139000,AZN,3,75.0,,True,Abşeron,Xırdalan,1853.33
6466404,122999,AZN,1,30.0,5.0,True,Memar Əcəmi,Bakı,4099.97
6457495,165000,AZN,3,55.0,4.0,True,Memar Əcəmi,Bakı,3000.0
6385382,195000,AZN,3,70.0,9.0,True,Memar Əcəmi,Bakı,2785.71
6384520,163000,AZN,2,58.0,2.0,True,Memar Əcəmi,Bakı,2810.34
6483928,127500,AZN,2,68.0,5.0,False,Əmircan,Bakı,1875.0
6450731,238000,AZN,3,88.0,8.0,True,İnşaatçılar,Bakı,2704.55
6410401,355000,AZN,4,123.0,9.0,True,Memar Əcəmi,Bakı,2886.18
6230988,189000,AZN,3,74.0,4.0,True,Nəsimi,Bakı,2554.05
6462109,525555,AZN,5,240.0,7.0,True,8-ci mikrorayon,Bakı,2189.81
6437192,450000,AZN,2,101.0,8.0,True,Nəriman Nərimanov,Bakı,4455.45
6481008,219000,AZN,3,96.0,10.0,True,Həzi Aslanov,Bakı,2281.25
6402503,119500,AZN,3,108.0,,True,Binə,Bakı,1106.48
6192602,299000,AZN,5,400.0,,False,Badamdar,Bakı,747.5
6483571,128000,AZN,1,30.0,3.0,True,Neftçilər,Bakı,4266.67
6477057,137000,AZN,2,68.8,3.0,True,Yeni Günəşli,Bakı,1991.28
6467237,177000,AZN,4,260.0,,True,Masazır,Bakı,680.77
6274756,67500,AZN,3,110.0,,True,Binə,Bakı,613.64
6283897,165000,AZN,3,80.0,1.0,True,Köhnə Günəşli,Bakı,2062.5
6009441,279000,AZN,2,77.0,15.0,True,Səbail,Bakı,3623.38
6482486,485000,AZN,4,225.0,,True,Şüvəlan,Bakı,2155.56
6277179,115000,AZN,2,100.0,5.0,False,Lökbatan,Bakı,1150.0
6380393,100000,AZN,1,39.0,6.0,False,Sea Breeze,Bakı,2564.1
6380408,97000,AZN,1,38.0,8.0,False,Sea Breeze,Bakı,2552.63
6433237,128000,AZN,4,120.0,,True,Binəqədi,Bakı,1066.67
6172629,750000,AZN,5,400.0,,True,Bilgəh,Bakı,1875.0
6422476,188000,AZN,3,80.0,9.0,True,Qaraçuxur,Bakı,2350.0
5776084,285000,AZN,1,58.0,4.0,True,Nardaran,Bakı,4913.79
6464155,330000,AZN,2,65.0,2.0,True,Sea Breeze,Bakı,5076.92
6473114,110000,AZN,1,40.0,2.0,False,Sea Breeze,Bakı,2750.0
6447764,88500,AZN,2,57.0,3.0,True,Masazır,Bakı,1552.63
6447745,88500,AZN,2,54.0,2.0,True,Masazır,Bakı,1638.89
6477850,153000,AZN,2,55.0,5.0,True,İnşaatçılar,Bakı,2781.82
6183050,440000,AZN,3,105.0,14.0,True,Koroğlu,Bakı,4190.48
6442344,98000,AZN,2,80.8,13.0,False,Binəqədi,Bakı,1212.87
6438875,145000,AZN,3,94.0,11.0,True,Binəqədi,Bakı,1542.55
6386940,277219,AZN,2,70.9,3.0,False,Nardaran,Bakı,3910.0
6475750,160000,AZN,6,160.0,,True,Savalan,Bakı,1000.0
6422618,163000,AZN,1,50.0,6.0,False,Sea Breeze,Bakı,3260.0
5263470,816000,AZN,3,135.0,4.0,True,Sea Breeze,Bakı,6044.44
5978391,570000,AZN,6,300.0,,True,Bilgəh,Bakı,1900.0
6473069,263500,AZN,1,43.0,6.0,True,Sea Breeze,Bakı,6127.91
6473100,350000,AZN,2,74.0,2.0,True,Sea Breeze,Bakı,4729.73
6473095,360000,AZN,2,76.0,3.0,True,Sea Breeze,Bakı,4736.84
5407427,320000,AZN,3,140.0,17.0,True,Nərimanov,Bakı,2285.71
6480751,117000,AZN,2,60.0,11.0,False,İnşaatçılar,Bakı,1950.0
6468086,67500,AZN,2,50.0,6.0,False,Masazır,Bakı,1350.0
6464118,115000,AZN,3,71.0,5.0,True,Masazır,Bakı,1619.72
6314571,365660,AZN,3,114.9,3.0,False,Nardaran,Bakı,3182.42
6458345,115000,AZN,2,58.0,9.0,True,Zığ,Bakı,1982.76
6330330,221995,AZN,1,53.3,7.0,False,Nardaran,Bakı,4165.01
6456260,2000000,AZN,3,266.0,7.0,True,Sea Breeze,Bakı,7518.8
6456270,350000,AZN,2,76.0,2.0,True,Sea Breeze,Bakı,4605.26
6456274,350000,AZN,2,69.0,1.0,True,Sea Breeze,Bakı,5072.46
6456290,207000,AZN,2,64.0,3.0,False,Sea Breeze,Bakı,3234.38
6393075,565000,AZN,4,170.0,3.0,True,Nəsimi,Bakı,3323.53
6052975,455000,AZN,6,350.0,,True,Mərdəkan,Bakı,1300.0
6373307,1250000,AZN,6,440.0,15.0,True,Şah İsmayıl Xətai,Bakı,2840.91
6475720,230000,AZN,2,95.0,8.0,False,Nardaran,Bakı,2421.05
6186818,615000,AZN,4,207.0,15.0,False,Nəsimi,Bakı,2971.01
6467037,395000,AZN,3,120.0,12.0,True,Memar Əcəmi,Bakı,3291.67
6220848,174420,AZN,1,36.0,1.0,True,Nardaran,Bakı,4845.0
6477783,125000,AZN,2,52.0,5.0,True,Badamdar,Bakı,2403.85
6483659,290000,AZN,3,90.0,3.0,True,Şah İsmayıl Xətai,Bakı,3222.22
6399911,490000,AZN,3,108.0,16.0,True,Nizami,Bakı,4537.04
6296775,679791,AZN,3,160.7,2.0,True,Nardaran,Bakı,4230.19
6193083,550000,AZN,6,160.0,2.0,True,Nəriman Nərimanov,Bakı,3437.5
6222148,353658,AZN,1,48.4,7.0,True,Nardaran,Bakı,7306.98
6428669,260000,AZN,5,120.0,6.0,True,Əhmədli,Bakı,2166.67
6405765,277000,AZN,3,122.5,12.0,False,Qara Qarayev,Bakı,2261.22
6411390,198000,AZN,3,70.0,3.0,True,Bakıxanov,Bakı,2828.57
6027981,239292,AZN,2,61.2,12.0,False,Nardaran,Bakı,3910.0
6440600,728475,AZN,3,132.4,15.0,False,Elmlər Akademiyası,Bakı,5502.08
6312922,389000,AZN,2,98.0,1.0,True,Sea Breeze,Bakı,3969.39
6438371,48000,AZN,3,75.0,,True,Kürdəxanı,Bakı,640.0
6150257,535000,AZN,5,350.0,,True,Buzovna,Bakı,1528.57
6480057,370000,AZN,3,80.0,2.0,True,28 May,Bakı,4625.0
5971930,287491,AZN,2,72.3,14.0,False,Nardaran,Bakı,3976.36
6270604,635000,AZN,3,162.0,4.0,False,Ağ şəhər,Bakı,3919.75
6483544,347000,AZN,3,77.0,8.0,True,Nəsimi,Bakı,4506.49
6406676,250000,AZN,3,100.0,4.0,False,Bayıl,Bakı,2500.0
6450934,210000,AZN,3,67.0,2.0,True,İnşaatçılar,Bakı,3134.33
6452312,185000,AZN,3,63.0,5.0,True,Əhmədli,Bakı,2936.51
6163070,145000,AZN,3,85.0,2.0,True,Biləcəri,Bakı,1705.88
5676019,472464,AZN,1,57.9,6.0,False,Nardaran,Bakı,8160.0
5818478,143000,AZN,4,136.0,,True,Mehdiabad,Bakı,1051.47
6279469,245000,AZN,2,47.0,5.0,True,28 May,Bakı,5212.77
5659944,230233,AZN,1,57.6,5.0,False,Nardaran,Bakı,3997.1
6461146,468000,AZN,4,156.0,18.0,True,8 Noyabr,Bakı,3000.0
6450510,450000,AZN,2,81.8,9.0,False,Ağ şəhər,Bakı,5501.22
6366432,350000,AZN,3,135.0,12.0,True,8-ci mikrorayon,Bakı,2592.59
5662936,285447,AZN,1,57.9,6.0,False,Nardaran,Bakı,4930.0
5281948,360000,AZN,4,182.0,6.0,True,Avtovağzal,Bakı,1978.02
6436011,380000,AZN,1,67.1,6.0,True,Ağ şəhər,Bakı,5663.19
6247023,135000,AZN,2,73.0,3.0,False,Avtovağzal,Bakı,1849.32
5444297,358658,AZN,3,84.4,13.0,True,Sea Breeze,Bakı,4249.5
6271339,280000,AZN,4,140.0,,True,Mərdəkan,Bakı,2000.0
6221698,785000,AZN,4,185.0,4.0,True,Elmlər Akademiyası,Bakı,4243.24
6398187,335000,AZN,3,110.0,15.0,True,28 May,Bakı,3045.45
6211662,270000,AZN,4,140.0,,True,Şüvəlan,Bakı,1928.57
6469965,395000,AZN,5,200.0,,True,Mərdəkan,Bakı,1975.0
5591807,250614,AZN,2,81.9,4.0,False,Sea Breeze,Bakı,3060.0
6433835,248880,AZN,1,61.0,5.0,False,Nardaran,Bakı,4080.0
5932496,240000,AZN,4,160.0,,True,Şüvəlan,Bakı,1500.0
6453680,495000,AZN,4,180.0,,True,Şüvəlan,Bakı,2750.0
5443704,231336,AZN,1,56.7,12.0,False,Sea Breeze,Bakı,4080.0
6425468,720000,AZN,7,170.0,,False,Nardaran,Bakı,4235.29
6423229,1450000,AZN,14,1250.0,,False,Novxanı,Bakı,1160.0
6190260,290000,AZN,4,180.0,,True,Mərdəkan,Bakı,1611.11
6461084,609000,AZN,6,420.0,,True,Bilgəh,Bakı,1450.0
6231449,229000,AZN,4,80.0,3.0,True,Həzi Aslanov,Bakı,2862.5
6362548,299000,AZN,3,135.0,2.0,True,9-cu mikrorayon,Bakı,2214.81
6256953,250000,AZN,4,160.0,,True,Şüvəlan,Bakı,1562.5
6329182,557000,AZN,4,157.0,5.0,False,Ağ şəhər,Bakı,3547.77
5988506,495000,AZN,3,113.0,7.0,True,Nizami,Bakı,4380.53
6368839,228000,AZN,2,60.0,15.0,True,Nərimanov,Bakı,3800.0
6248609,219900,AZN,2,56.7,11.0,False,Nəsimi,Bakı,3878.31
6477674,229500,AZN,3,80.0,3.0,True,Həzi Aslanov,Bakı,2868.75
6048046,256000,AZN,2,90.0,11.0,True,Nərimanov,Bakı,2844.44
6467021,541260,AZN,2,76.7,22.0,True,Nardaran,Bakı,7056.84
6461339,230000,AZN,2,96.0,11.0,True,20 Yanvar,Bakı,2395.83
6477661,170000,AZN,4,120.0,,True,Savalan,Bakı,1416.67
5950360,400000,AZN,4,177.5,2.0,False,Şah İsmayıl Xətai,Bakı,2253.52
6423373,89000,AZN,2,30.0,,True,28 May,Bakı,2966.67
5516595,326315,AZN,2,69.8,2.0,False,Sea Breeze,Bakı,4675.0
5443083,411645,AZN,2,86.5,5.0,False,Sea Breeze,Bakı,4758.9
6458177,320000,AZN,3,90.0,6.0,True,Badamdar,Bakı,3555.56
6308144,239000,AZN,2,94.0,10.0,True,20 Yanvar,Bakı,2542.55
6391796,60000,AZN,3,87.0,8.0,True,Zığ,Bakı,689.66
6478889,155000,AZN,4,200.0,,True,Əmircan,Bakı,775.0
6484840,330000,AZN,3,143.7,3.0,False,Nəriman Nərimanov,Bakı,2296.45
5442812,274091,AZN,2,70.1,8.0,False,Sea Breeze,Bakı,3910.0
6475555,585000,AZN,4,182.0,6.0,True,Nəriman Nərimanov,Bakı,3214.29
6172543,1180000,AZN,6,330.0,,True,Mərdəkan,Bakı,3575.76
6177412,163625,AZN,1,55.0,1.0,False,Nardaran,Bakı,2975.0
6466986,169000,AZN,2,70.0,5.0,True,Badamdar,Bakı,2414.29
6475560,256000,AZN,5,165.0,,True,Buzovna,Bakı,1551.52
6080357,596700,AZN,3,135.0,1.0,True,Nardaran,Bakı,4420.0
6450829,590000,AZN,4,185.0,7.0,True,Nəriman Nərimanov,Bakı,3189.19
5453887,475000,AZN,5,220.0,,True,Qaraçuxur,Bakı,2159.09
6323763,255000,AZN,4,92.0,11.0,True,Həzi Aslanov,Bakı,2771.74
5600109,262642,AZN,1,58.3,6.0,False,Sea Breeze,Bakı,4505.01
6466966,750000,AZN,4,148.6,2.0,True,Ağ şəhər,Bakı,5047.11
6399616,310000,AZN,4,110.0,16.0,True,Binəqədi,Bakı,2818.18
6348591,113900,AZN,2,51.0,11.0,False,Neftçilər,Bakı,2233.33
6451986,165000,AZN,2,71.4,8.0,True,Əmircan,Bakı,2310.92
6453598,395000,AZN,3,105.0,18.0,True,Nəriman Nərimanov,Bakı,3761.9
5921691,299500,AZN,1,60.0,,True,Nardaran,Bakı,4991.67
4502351,663935,AZN,2,107.0,6.0,True,Nardaran,Bakı,6205.0
6069832,155000,AZN,2,62.0,16.0,True,Neftçilər,Bakı,2500.0
6255201,369000,AZN,3,118.0,15.0,False,28 May,Bakı,3127.12
6476641,220000,AZN,2,78.0,12.0,True,Neftçilər,Bakı,2820.51
6467136,595000,AZN,4,180.0,,True,Mərdəkan,Bakı,3305.56
6335393,439000,AZN,5,172.0,,True,Şüvəlan,Bakı,2552.33
6428619,280000,AZN,7,300.0,,True,Hövsan,Bakı,933.33
5501305,513528,AZN,3,140.5,4.0,False,Sea Breeze,Bakı,3655.0
4237623,543730,AZN,2,98.86,15.0,False,Elmlər Akademiyası,Bakı,5500.0
6326509,1188715,AZN,4,216.1,15.0,False,Elmlər Akademiyası,Bakı,5500.76
5867067,812900,AZN,4,147.8,16.0,False,Elmlər Akademiyası,Bakı,5500.0
6450644,155000,AZN,3,90.0,13.0,True,Masazır,Bakı,1722.22
4190770,1128215,AZN,4,205.13,15.0,False,Elmlər Akademiyası,Bakı,5500.0
4452982,318325,AZN,1,53.5,5.0,False,Nardaran,Bakı,5950.0
6167930,690000,AZN,7,500.0,,True,Novxanı,Bakı,1380.0
5936849,177000,AZN,1,60.0,12.0,False,Nardaran,Bakı,2950.0
5555412,405977,AZN,2,91.9,2.0,True,Sea Breeze,Bakı,4417.6
6422300,258000,AZN,2,58.0,13.0,True,Nərimanov,Bakı,4448.28
6456991,210000,AZN,2,84.0,2.0,False,Şıxov,Bakı,2500.0
6422293,358000,AZN,3,88.0,13.0,True,Nərimanov,Bakı,4068.18
6208406,282000,AZN,3,125.4,4.0,False,Şıxov,Bakı,2248.8
6286163,54000,AZN,3,90.0,,True,Məmmədli,Bakı,600.0
6439458,210000,AZN,3,75.0,5.0,True,Gənclik,Bakı,2800.0
6147518,55000,AZN,3,90.0,,True,Binə,Bakı,611.11
4965982,285147,AZN,3,96.6,10.0,False,Dərnəgül,Bakı,2951.83
4967088,236168,AZN,2,89.1,8.0,False,Dərnəgül,Bakı,2650.59
4967576,331920,AZN,3,138.3,4.0,False,Dərnəgül,Bakı,2400.0
6476055,1100000,AZN,4,205.0,7.0,True,Nəsimi,Bakı,5365.85
5998829,538000,AZN,9,545.0,,False,Şıxov,Bakı,987.16
6480984,386000,AZN,3,127.0,4.0,True,Memar Əcəmi,Bakı,3039.37
6405793,219000,AZN,3,85.0,18.0,True,Yeni Yasamal,Bakı,2576.47
6460911,310000,AZN,3,94.0,5.0,True,Nərimanov,Bakı,3297.87
6486222,920000,AZN,4,165.0,3.0,True,Ağ şəhər,Bakı,5575.76
6446186,444000,AZN,2,82.0,11.0,False,Ağ şəhər,Bakı,5414.63
6477852,144500,AZN,2,50.0,4.0,True,Avtovağzal,Bakı,2890.0
6415154,820000,AZN,4,400.0,,True,Şüvəlan,Bakı,2050.0
6066614,120000,AZN,4,120.0,,True,Fatmayı,Bakı,1000.0
6436310,310000,AZN,2,85.5,15.0,True,Nərimanov,Bakı,3625.73
6422061,288000,AZN,2,72.0,10.0,False,Nizami,Bakı,4000.0
6460755,475000,AZN,3,125.0,18.0,False,Şah İsmayıl Xətai,Bakı,3800.0
6476167,300000,AZN,3,126.5,12.0,False,Qara Qarayev,Bakı,2371.54
6380037,158000,AZN,4,133.0,,True,Binə,Bakı,1187.97
6392643,204408,AZN,1,50.1,3.0,False,Nardaran,Bakı,4080.0
6342049,460000,AZN,3,125.0,11.0,True,Şah İsmayıl Xətai,Bakı,3680.0
6409214,538000,AZN,4,177.9,4.0,False,Gənclik,Bakı,3024.17
6447690,210000,AZN,2,54.0,5.0,True,Böyükşor,Bakı,3888.89
6385028,630000,AZN,4,220.0,2.0,True,Nərimanov,Bakı,2863.64
6462242,118000,AZN,1,40.0,2.0,True,8 Noyabr,Bakı,2950.0
6405099,452064,AZN,3,110.8,8.0,False,Nardaran,Bakı,4080.0
6213319,242000,AZN,3,102.5,17.0,True,Badamdar,Bakı,2360.98
6460084,479000,AZN,3,160.0,12.0,True,Şah İsmayıl Xətai,Bakı,2993.75
6414988,285000,AZN,5,180.0,,True,Fatmayı,Bakı,1583.33
6331823,363702,AZN,3,105.4,10.0,False,Nardaran,Bakı,3450.68
6458147,55000,AZN,3,75.0,,True,Sabunçu,Bakı,733.33
6452231,210000,AZN,3,90.0,6.0,True,20 Yanvar,Bakı,2333.33
6339960,280000,AZN,3,130.0,3.0,False,İnşaatçılar,Bakı,2153.85
6073522,275000,AZN,3,105.0,3.0,True,20 Yanvar,Bakı,2619.05
6460842,280000,AZN,5,148.0,,True,Şüvəlan,Bakı,1891.89
6089658,297000,AZN,3,100.0,6.0,True,Dərnəgül,Bakı,2970.0
6443973,83000,AZN,2,60.0,5.0,True,Masazır,Bakı,1383.33
6318715,253708,AZN,1,53.3,6.0,False,Nardaran,Bakı,4760.0
5932448,240000,AZN,4,160.0,,True,Şüvəlan,Bakı,1500.0
5932357,225000,AZN,4,150.0,,True,Mərdəkan,Bakı,1500.0
6426543,685000,AZN,4,240.0,11.0,True,Nərimanov,Bakı,2854.17
6220831,306694,AZN,2,59.2,9.0,False,Nardaran,Bakı,5180.64
6386319,185000,AZN,6,210.0,,True,Hövsan,Bakı,880.95
5940513,420000,AZN,5,250.0,,True,Şüvəlan,Bakı,1680.0
6463573,225000,AZN,4,135.0,,True,Şüvəlan,Bakı,1666.67
6478857,234500,AZN,2,75.0,6.0,True,İçəri Şəhər,Bakı,3126.67
6288431,649000,AZN,9,420.0,,True,Badamdar,Bakı,1545.24
5909818,259000,AZN,3,96.0,6.0,False,Nərimanov,Bakı,2697.92
6475210,290000,AZN,3,160.0,4.0,True,20 Yanvar,Bakı,1812.5
6459652,530000,AZN,3,138.0,12.0,True,Nəsimi,Bakı,3840.58
6387334,275000,AZN,3,145.0,1.0,False,Xətai,Bakı,1896.55
6456913,120000,AZN,1,40.0,2.0,True,8 Noyabr,Bakı,3000.0
6480284,420000,AZN,3,139.0,10.0,True,Neftçilər,Bakı,3021.58
6461300,253000,AZN,2,103.8,5.0,False,Sea Breeze,Bakı,2437.38
6433805,239275,AZN,1,56.3,3.0,False,Nardaran,Bakı,4250.0
5744959,112000,AZN,3,100.0,1.0,True,Mərdəkan,Bakı,1120.0
5504121,479842,AZN,2,128.3,2.0,False,Sea Breeze,Bakı,3740.0
6447598,248000,AZN,3,67.0,3.0,True,Gənclik,Bakı,3701.49
5504251,603514,AZN,2,110.9,1.0,True,Sea Breeze,Bakı,5441.97
6463593,132000,AZN,3,240.0,23.0,False,Bakıxanov,Bakı,550.0
6481621,219500,AZN,3,89.0,12.0,True,Avtovağzal,Bakı,2466.29
6453148,199000,AZN,2,59.0,5.0,True,20 Yanvar,Bakı,3372.88
6408985,580000,AZN,6,380.0,,True,Mərdəkan,Bakı,1526.32
6392645,217056,AZN,1,53.2,12.0,False,Nardaran,Bakı,4080.0
6131808,575000,AZN,3,127.0,5.0,True,Nəsimi,Bakı,4527.56
6362479,145000,AZN,6,250.0,,True,Binə,Bakı,580.0
6475303,327000,AZN,3,126.0,7.0,False,Koroğlu,Bakı,2595.24
6459342,234000,AZN,3,63.0,16.0,True,İnşaatçılar,Bakı,3714.29
6452347,248000,AZN,4,145.0,,True,Mərdəkan,Bakı,1710.34
6395010,395000,AZN,3,123.5,5.0,False,7-ci mikrorayon,Bakı,3198.38
6170668,650000,AZN,4,200.0,,True,Şağan,Bakı,3250.0
6461978,1300000,AZN,7,300.0,,True,Badamdar,Bakı,4333.33
6483076,260000,AZN,2,95.0,13.0,True,Qara Qarayev,Bakı,2736.84
6438220,245000,AZN,3,82.0,2.0,True,Nəriman Nərimanov,Bakı,2987.8
6462527,160000,AZN,3,60.0,,True,Dübəndi,Bakı,2666.67
6405089,257312,AZN,1,68.8,4.0,False,Nardaran,Bakı,3740.0
6476571,68000,AZN,2,37.0,1.0,True,Masazır,Bakı,1837.84
6363733,180000,AZN,2,56.9,9.0,True,20 Yanvar,Bakı,3163.44
6425031,188000,AZN,2,45.0,2.0,True,Elmlər Akademiyası,Bakı,4177.78
6314560,358070,AZN,3,99.4,5.0,False,Nardaran,Bakı,3602.31
6463479,595000,AZN,5,150.0,,True,Şağan,Bakı,3966.67
5785201,380000,AZN,4,130.0,,True,Mərdəkan,Bakı,2923.08
6371352,227000,AZN,2,54.0,3.0,True,İçəri Şəhər,Bakı,4203.7
6474484,210000,AZN,2,85.0,5.0,True,Badamdar,Bakı,2470.59
6399985,87000,AZN,3,100.0,,True,Savalan,Bakı,870.0
6483041,395000,AZN,3,90.0,7.0,True,Nərimanov,Bakı,4388.89
6451843,164000,AZN,2,65.0,7.0,True,Əhmədli,Bakı,2523.08
6463426,390000,AZN,4,160.0,,True,Şüvəlan,Bakı,2437.5
6483001,1500000,AZN,10,800.0,,True,Həzi Aslanov,Bakı,1875.0
6412535,1700000,AZN,10,750.0,,True,Əhmədli,Bakı,2266.67
6299418,175950,AZN,1,45.0,7.0,False,Nardaran,Bakı,3910.0
5474820,395000,AZN,3,100.0,3.0,True,Sea Breeze,Bakı,3950.0
6467596,195000,AZN,2,76.0,18.0,True,Həzi Aslanov,Bakı,2565.79
6471941,195000,AZN,3,75.0,9.0,True,Əhmədli,Bakı,2600.0
6321648,519000,AZN,3,128.0,15.0,False,Şah İsmayıl Xətai,Bakı,4054.69
6321590,549000,AZN,3,128.0,16.0,False,Şah İsmayıl Xətai,Bakı,4289.06
6447279,319000,AZN,2,66.0,20.0,True,Şah İsmayıl Xətai,Bakı,4833.33
6457797,239000,AZN,3,72.0,5.0,True,İnşaatçılar,Bakı,3319.44
6422204,362000,AZN,3,130.0,4.0,True,Şah İsmayıl Xətai,Bakı,2784.62
5906159,75900,AZN,3,109.6,4.0,False,Görədil,Bakı,692.52
6219935,168300,AZN,1,36.0,1.0,True,Nardaran,Bakı,4675.0
6466453,360000,AZN,6,350.0,,True,Buzovna,Bakı,1028.57
6219759,563465,AZN,3,94.7,15.0,True,Nardaran,Bakı,5950.0
6256368,130000,AZN,3,90.0,5.0,True,Abşeron,Xırdalan,1444.44
6267893,220000,AZN,2,80.0,17.0,True,Azadlıq Prospekti,Bakı,2750.0
5673384,260000,AZN,2,65.0,23.0,True,8 Noyabr,Bakı,4000.0
6161586,295000,AZN,7,178.9,,True,Azadlıq Prospekti,Bakı,1648.97
6209540,266000,AZN,3,110.0,12.0,True,Həzi Aslanov,Bakı,2418.18
6403078,278000,AZN,3,93.0,5.0,True,20 Yanvar,Bakı,2989.25
6297172,355501,AZN,1,46.8,3.0,True,Nardaran,Bakı,7596.18
6432232,850000,AZN,6,430.0,,True,Əhmədli,Bakı,1976.74
6303152,595000,AZN,4,200.0,,True,Şüvəlan,Bakı,2975.0
6437281,187500,AZN,2,74.4,9.0,False,Bakıxanov,Bakı,2520.16
5625392,289000,AZN,2,73.0,16.0,True,Koroğlu,Bakı,3958.9
6465044,120000,AZN,4,100.0,,True,Biləcəri,Bakı,1200.0
6455685,289000,AZN,3,100.0,6.0,True,20 Yanvar,Bakı,2890.0
6468366,365000,AZN,2,103.0,20.0,True,Elmlər Akademiyası,Bakı,3543.69
6477109,187000,AZN,2,80.0,2.0,True,Xalqlar Dostluğu,Bakı,2337.5
6351003,278000,AZN,2,90.0,9.0,True,Nəriman Nərimanov,Bakı,3088.89
6473009,244000,AZN,3,85.0,5.0,True,Qara Qarayev,Bakı,2870.59
5253127,950000,AZN,4,209.8,13.0,False,28 May,Bakı,4528.12
6480830,222000,AZN,4,190.0,,True,Fatmayı,Bakı,1168.42
6451891,142000,AZN,3,60.0,5.0,True,Memar Əcəmi,Bakı,2366.67
6181526,899000,AZN,6,305.0,,True,Bilgəh,Bakı,2947.54
5624562,900000,AZN,6,320.0,,True,Bilgəh,Bakı,2812.5
6207270,142000,AZN,6,230.0,,True,Mehdiabad,Bakı,617.39
5624579,1400000,AZN,6,450.0,,True,Bilgəh,Bakı,3111.11
6181468,1500000,AZN,6,460.0,,True,Bilgəh,Bakı,3260.87
6033953,260100,AZN,2,61.2,2.0,False,Nardaran,Bakı,4250.0
5624630,1400000,AZN,6,460.0,,True,Bilgəh,Bakı,3043.48
5863255,225267,AZN,2,63.1,3.0,True,Nardaran,Bakı,3570.0
6469278,560000,AZN,3,113.5,1.0,False,Nardaran,Bakı,4933.92
6457718,1200000,AZN,4,210.0,12.0,True,Nəsimi,Bakı,5714.29
6313749,114500,AZN,4,153.0,,True,Masazır,Bakı,748.37
6469298,493000,AZN,3,100.0,1.0,False,Nardaran,Bakı,4930.0
5971916,214540,AZN,1,63.1,1.0,False,Nardaran,Bakı,3400.0
6460423,280000,AZN,3,70.0,14.0,True,Yasamal,Bakı,4000.0
6475044,450000,AZN,2,93.0,4.0,True,Nardaran,Bakı,4838.71
6473038,429000,AZN,3,145.0,14.0,True,28 May,Bakı,2958.62
5810204,472000,AZN,3,110.0,7.0,False,Elmlər Akademiyası,Bakı,4290.91
6413533,650000,AZN,4,180.0,17.0,False,28 May,Bakı,3611.11
6043168,519999,AZN,4,185.0,10.0,True,Azadlıq Prospekti,Bakı,2810.81
6228777,857000,AZN,4,230.0,7.0,True,28 May,Bakı,3726.09
6433823,495482,AZN,2,112.1,4.0,False,Nardaran,Bakı,4420.0
6482640,557220,AZN,3,150.6,7.0,False,Elmlər Akademiyası,Bakı,3700.0
5832183,359000,AZN,3,129.0,2.0,True,Şah İsmayıl Xətai,Bakı,2782.95
6458235,317000,AZN,3,130.0,11.0,True,İnşaatçılar,Bakı,2438.46
5863093,159222,AZN,1,44.6,3.0,True,Nardaran,Bakı,3570.0
6474977,157000,AZN,2,60.0,9.0,True,Həzi Aslanov,Bakı,2616.67
4693067,830000,AZN,5,460.0,,True,Mərdəkan,Bakı,1804.35
4966002,287375,AZN,3,114.9,4.0,False,Dərnəgül,Bakı,2501.09
4965055,299950,AZN,3,119.9,4.0,,Dərnəgül,Bakı,2501.67
4966017,296693,AZN,3,116.3,4.0,False,Dərnəgül,Bakı,2551.1
6446125,225000,AZN,2,76.0,6.0,True,7-ci mikrorayon,Bakı,2960.53
6472060,920000,AZN,4,161.0,3.0,True,Ağ şəhər,Bakı,5714.29
5675953,621894,AZN,1,54.6,13.0,False,Nardaran,Bakı,11390.0
6408174,303000,AZN,3,87.0,9.0,True,Qara Qarayev,Bakı,3482.76
4967105,177165,AZN,1,57.2,10.0,False,Dərnəgül,Bakı,3097.29
6469084,329000,AZN,4,169.0,9.0,True,Neftçilər,Bakı,1946.75
6485747,77000,AZN,3,64.0,,True,Binəqədi,Bakı,1203.12
6197247,650000,AZN,3,133.0,15.0,True,28 May,Bakı,4887.22
5660036,186783,AZN,1,45.8,10.0,False,Nardaran,Bakı,4078.23
6447167,420000,AZN,3,103.0,6.0,True,8 Noyabr,Bakı,4077.67
6463063,3400000,AZN,10,800.0,,True,Bilgəh,Bakı,4250.0
6479821,425000,AZN,2,105.0,16.0,True,Gənclik,Bakı,4047.62
6236821,40000,AZN,3,60.0,,True,Lökbatan,Bakı,666.67
6472029,165000,AZN,2,71.4,8.0,True,Əmircan,Bakı,2310.92
6396102,226000,AZN,2,92.0,12.0,True,Neftçilər,Bakı,2456.52
6310625,330000,AZN,3,125.0,14.0,True,Qara Qarayev,Bakı,2640.0
6466226,158000,AZN,3,65.0,6.0,True,Memar Əcəmi,Bakı,2430.77
6447796,110000,AZN,1,38.0,1.0,True,Memar Əcəmi,Bakı,2894.74
6422687,430000,AZN,3,108.0,4.0,True,28 May,Bakı,3981.48
6439523,189000,AZN,3,75.0,4.0,True,Memar Əcəmi,Bakı,2520.0
6399720,194500,AZN,2,60.0,3.0,True,Memar Əcəmi,Bakı,3241.67
5465343,305000,AZN,3,110.0,11.0,True,Əhmədli,Bakı,2772.73
6388659,215000,AZN,3,101.0,4.0,True,Xətai,Bakı,2128.71
6399777,240000,AZN,3,75.0,2.0,True,Memar Əcəmi,Bakı,3200.0
6313135,765000,AZN,7,250.0,,True,Nizami,Bakı,3060.0
5640831,245795,AZN,1,56.7,3.0,False,Nardaran,Bakı,4335.01
6414185,700000,AZN,7,800.0,17.0,False,Elmlər Akademiyası,Bakı,875.0
6390519,264000,AZN,3,96.0,6.0,False,Nəriman Nərimanov,Bakı,2750.0
5444086,254060,AZN,1,50.7,13.0,True,Sea Breeze,Bakı,5011.05
6459314,305000,AZN,5,152.0,,True,Şüvəlan,Bakı,2006.58
6120103,365000,AZN,2,128.0,11.0,True,Nərimanov,Bakı,2851.56
6098513,255000,AZN,2,91.9,5.0,False,Abşeron,Bakı,2774.76
6482605,263000,AZN,2,59.0,3.0,True,Bakmil,Bakı,4457.63
6206411,195000,AZN,1,57.4,4.0,False,Nardaran,Bakı,3397.21
6350458,299000,AZN,12,500.0,,False,Mehdiabad,Bakı,598.0
3740327,282596,AZN,2,91.16,7.0,False,Nərimanov,Bakı,3100.0
3740381,661440,AZN,5,206.65,12.0,False,Nərimanov,Bakı,3200.77
3740372,397760,AZN,3,124.3,12.0,False,Nərimanov,Bakı,3200.0
4360738,379254,AZN,4,122.34,7.0,False,Nəriman Nərimanov,Bakı,3100.0
6474882,265000,AZN,2,75.0,8.0,True,İnşaatçılar,Bakı,3533.33
6349093,430000,AZN,3,145.0,11.0,False,Şah İsmayıl Xətai,Bakı,2965.52
6433621,255000,AZN,3,115.0,16.0,True,Avtovağzal,Bakı,2217.39
5443908,301682,AZN,2,93.4,12.0,False,Sea Breeze,Bakı,3230.0
6446209,268000,AZN,2,66.0,5.0,True,Gənclik,Bakı,4060.61
6460216,130000,AZN,4,130.0,,True,Xocəsən,Bakı,1000.0
6461607,145000,AZN,2,48.0,5.0,True,Xətai,Bakı,3020.83
6457553,285000,AZN,3,105.0,11.0,True,Memar Əcəmi,Bakı,2714.29
6392288,155000,AZN,2,50.0,14.0,True,Həzi Aslanov,Bakı,3100.0
6389702,380000,AZN,4,200.0,,True,Nardaran,Bakı,1900.0
6078710,279557,AZN,1,57.7,19.0,False,Nardaran,Bakı,4845.01
6465086,163000,AZN,2,70.0,1.0,True,İnşaatçılar,Bakı,2328.57
6173791,190000,AZN,1,26.0,2.0,True,İçəri Şəhər,Bakı,7307.69
5516678,259080,AZN,1,50.8,3.0,False,Sea Breeze,Bakı,5100.0
6484946,483588,AZN,3,134.3,6.0,False,Elmlər Akademiyası,Bakı,3600.8
6485304,424080,AZN,2,111.6,9.0,False,Elmlər Akademiyası,Bakı,3800.0
6452746,355000,AZN,3,120.0,2.0,True,İnşaatçılar,Bakı,2958.33
6434539,510000,AZN,3,125.0,19.0,True,Şah İsmayıl Xətai,Bakı,4080.0
5514359,496407,AZN,2,78.9,1.0,True,Sea Breeze,Bakı,6291.6
6474757,550000,AZN,3,175.0,14.0,False,Nizami,Bakı,3142.86
6400890,299000,AZN,3,72.0,18.0,True,Bakmil,Bakı,4152.78
6294298,257000,AZN,2,100.0,12.0,True,20 Yanvar,Bakı,2570.0
5515435,275000,AZN,4,148.5,1.0,False,Həzi Aslanov,Bakı,1851.85
6339775,575000,AZN,2,93.0,5.0,True,Sea Breeze,Bakı,6182.8
5442827,243474,AZN,2,68.2,2.0,False,Sea Breeze,Bakı,3570.0
6446916,268000,AZN,2,90.0,15.0,True,Əhmədli,Bakı,2977.78
4816583,1901939,AZN,4,266.4,4.0,False,Bayıl,Bakı,7139.41
6257973,450000,AZN,5,300.0,,True,Novxanı,Bakı,1500.0
5877292,252000,AZN,2,92.0,19.0,True,Nəriman Nərimanov,Bakı,2739.13
6457490,70000,AZN,2,58.0,,True,Masazır,Bakı,1206.9
6449777,161690,AZN,3,87.4,2.0,False,Biləcəri,Bakı,1850.0
6425579,310000,AZN,3,90.0,7.0,True,Həzi Aslanov,Bakı,3444.44
5534371,200634,AZN,1,56.2,9.0,False,Sea Breeze,Bakı,3570.0
6097066,315000,AZN,4,185.0,14.0,False,Əhmədli,Bakı,1702.7
6252631,198000,AZN,3,75.0,5.0,True,Həzi Aslanov,Bakı,2640.0
6413626,245000,AZN,3,77.0,3.0,True,Bakıxanov,Bakı,3181.82
6430086,890000,AZN,6,340.0,,True,Badamdar,Bakı,2617.65
6432514,239000,AZN,1,49.8,1.0,False,Sea Breeze,Bakı,4799.2
6467540,195000,AZN,2,70.0,13.0,True,Nəriman Nərimanov,Bakı,2785.71
5504148,376533,AZN,2,96.3,3.0,False,Sea Breeze,Bakı,3910.0
6330912,635000,AZN,3,125.0,19.0,True,Şah İsmayıl Xətai,Bakı,5080.0
6435353,142175,AZN,3,60.5,13.0,False,Qaraçuxur,Bakı,2350.0
6416371,70500,AZN,2,56.0,6.0,True,Masazır,Bakı,1258.93
4530140,401778,AZN,2,90.9,6.0,False,Nardaran,Bakı,4420.0
6447150,80000,AZN,1,41.0,2.0,True,Masazır,Bakı,1951.22
5307976,950000,AZN,4,229.0,14.0,True,Nizami,Bakı,4148.47
6475960,615000,AZN,4,139.0,4.0,False,Sea Breeze,Bakı,4424.46
6051556,385000,AZN,2,81.0,2.0,True,Sea Breeze,Bakı,4753.09
6482367,663214,AZN,4,174.5,8.0,False,Elmlər Akademiyası,Bakı,3800.65
6357710,125000,AZN,3,78.0,3.0,True,Masazır,Bakı,1602.56
6451123,275000,AZN,4,115.0,,True,Mərdəkan,Bakı,2391.3
5489871,314500,AZN,1,58.0,4.0,True,Sea Breeze,Bakı,5422.41
6325502,310000,AZN,3,105.0,8.0,True,Neftçilər,Bakı,2952.38
4513531,698683,AZN,2,112.6,6.0,True,Nardaran,Bakı,6205.0
5646854,896719,AZN,3,184.5,4.0,True,Şah İsmayıl Xətai,Bakı,4860.27
5646676,535919,AZN,2,97.2,4.0,True,Şah İsmayıl Xətai,Bakı,5513.57
6457192,197000,AZN,2,60.0,3.0,True,Əhmədli,Bakı,3283.33
5981885,155000,AZN,1,57.0,1.0,False,Sea Breeze,Bakı,2719.3
5981972,347500,AZN,2,102.0,3.0,True,Sea Breeze,Bakı,3406.86
6251851,580000,AZN,3,141.0,4.0,True,Sea Breeze,Bakı,4113.48
5540301,398055,AZN,3,111.5,2.0,False,Sea Breeze,Bakı,3570.0
4675929,175000,AZN,1,60.0,3.0,False,Nardaran,Bakı,2916.67
5552025,487050,AZN,2,124.6,2.0,False,Sea Breeze,Bakı,3908.91
6246369,345000,AZN,4,160.0,17.0,True,Həzi Aslanov,Bakı,2156.25
6323513,450000,AZN,3,130.0,6.0,True,Nəriman Nərimanov,Bakı,3461.54
6129603,360000,AZN,2,111.0,4.0,False,28 May,Bakı,3243.24
6454908,84500,AZN,2,51.0,11.0,True,Abşeron,Xırdalan,1656.86
5737068,755000,AZN,7,455.0,,True,Bilgəh,Bakı,1659.34
5504245,608558,AZN,2,96.8,4.0,True,Sea Breeze,Bakı,6286.76
6474877,175000,AZN,2,55.0,14.0,True,Həzi Aslanov,Bakı,3181.82
6349861,415000,AZN,2,60.0,3.0,True,Ağ şəhər,Bakı,6916.67
5018761,290000,AZN,3,158.0,3.0,True,Şıxov,Bakı,1835.44
6468230,385000,AZN,3,125.0,11.0,True,Şah İsmayıl Xətai,Bakı,3080.0
5981017,290000,AZN,3,136.0,9.0,True,Əhmədli,Bakı,2132.35
6413787,237000,AZN,1,58.0,6.0,True,Sea Breeze,Bakı,4086.21
6413803,331500,AZN,2,93.0,5.0,False,Sea Breeze,Bakı,3564.52
6413863,306000,AZN,2,86.0,3.0,False,Sea Breeze,Bakı,3558.14
6382251,193800,AZN,1,45.6,8.0,False,Nardaran,Bakı,4250.0
6230570,1340000,AZN,4,120.0,,True,Buzovna,Bakı,11166.67
6476822,210000,AZN,3,63.0,5.0,True,Nəriman Nərimanov,Bakı,3333.33
6462595,470000,AZN,3,160.0,3.0,True,Nəsimi,Bakı,2937.5
6478679,80000,AZN,2,57.0,5.0,True,Masazır,Bakı,1403.51
6482060,76000,AZN,2,40.0,3.0,True,Masazır,Bakı,1900.0
6405082,260678,AZN,1,69.7,4.0,False,Nardaran,Bakı,3740.0
3776665,331200,AZN,3,110.4,1.0,True,20 Yanvar,Bakı,3000.0
5893873,339624,AZN,3,106.8,3.0,True,20 Yanvar,Bakı,3180.0
4695792,480200,AZN,4,171.5,20.0,False,Nərimanov,Bakı,2800.0
6482193,247000,AZN,2,85.0,15.0,True,Dərnəgül,Bakı,2905.88
6367161,457888,AZN,3,135.5,11.0,False,Badamdar,Bakı,3379.25
6373124,338474,AZN,2,107.1,3.0,False,Badamdar,Bakı,3160.35
6465683,360000,AZN,3,143.0,16.0,True,İnşaatçılar,Bakı,2517.48
6367017,232204,AZN,1,65.6,3.0,False,Badamdar,Bakı,3539.7
5730671,708000,AZN,4,236.0,9.0,False,28 May,Bakı,3000.0
4377330,521400,AZN,3,173.8,9.0,False,28 May,Bakı,3000.0
4351096,664230,AZN,4,221.41,4.0,False,28 May,Bakı,3000.0
4991369,359040,AZN,3,108.8,4.0,False,28 May,Bakı,3300.0
5730589,385600,AZN,3,120.5,15.0,True,28 May,Bakı,3200.0
6314587,184022,AZN,1,42.1,3.0,False,Nardaran,Bakı,4371.07
6479245,327400,AZN,4,163.7,13.0,False,Bakıxanov,Bakı,2000.0
6278390,125000,AZN,4,125.0,,True,Zabrat,Bakı,1000.0
6431601,130000,AZN,2,43.0,8.0,True,Memar Əcəmi,Bakı,3023.26
6243109,155000,AZN,5,250.0,,True,Mərdəkan,Bakı,620.0
6318801,261018,AZN,2,49.5,5.0,False,Nardaran,Bakı,5273.09
6410989,375000,AZN,3,110.0,12.0,True,Elmlər Akademiyası,Bakı,3409.09
6270267,105000,AZN,3,100.0,,True,Nəriman Nərimanov,Bakı,1050.0
5695949,54000,AZN,1,41.0,1.0,False,Masazır,Bakı,1317.07
6220826,185045,AZN,1,31.1,9.0,True,Nardaran,Bakı,5950.0
6429278,425000,AZN,2,106.0,17.0,True,Nərimanov,Bakı,4009.43
6365513,135000,AZN,3,85.0,,True,Qala,Bakı,1588.24
6124286,455000,AZN,5,270.0,,True,Mərdəkan,Bakı,1685.19
6219766,438793,AZN,2,68.8,8.0,True,Nardaran,Bakı,6377.81
6062253,275000,AZN,1,46.0,7.0,True,Sea Breeze,Bakı,5978.26
6410949,87900,AZN,2,50.0,8.0,True,Abşeron,Xırdalan,1758.0
6390712,585000,AZN,5,220.0,,True,Mərdəkan,Bakı,2659.09
5960599,750000,AZN,5,300.0,,True,Mərdəkan,Bakı,2500.0
5835722,590000,AZN,4,250.0,,True,Mərdəkan,Bakı,2360.0
6381642,280000,AZN,4,160.0,,True,Mərdəkan,Bakı,1750.0
6198054,292000,AZN,2,90.0,12.0,True,Elmlər Akademiyası,Bakı,3244.44
6431697,60000,AZN,3,80.0,,True,Ramana,Bakı,750.0
6459712,1150000,AZN,5,220.0,14.0,False,Bayıl,Bakı,5227.27
6479213,750000,AZN,3,170.0,6.0,True,Xətai,Bakı,4411.76
6049260,467000,AZN,2,115.0,1.0,False,Sea Breeze,Bakı,4060.87
6331211,226754,AZN,1,38.1,6.0,True,Nardaran,Bakı,5951.55
6405366,395000,AZN,3,108.8,15.0,True,7-ci mikrorayon,Bakı,3630.51
6297183,346432,AZN,1,46.4,3.0,True,Nardaran,Bakı,7466.21
6380843,170000,AZN,3,90.0,6.0,True,Biləcəri,Bakı,1888.89
6260264,175000,AZN,2,76.5,8.0,False,Sea Breeze,Bakı,2287.58
6471321,154860,AZN,2,60.0,10.0,False,Yeni Yasamal,Bakı,2581.0
6442177,245000,AZN,3,75.0,7.0,True,4-cü mikrorayon,Bakı,3266.67
6382752,72700,AZN,2,41.0,2.0,True,Masazır,Bakı,1773.17
6382661,84790,AZN,2,48.7,3.0,True,Masazır,Bakı,1741.07
6315276,175000,AZN,2,55.0,13.0,True,Əhmədli,Bakı,3181.82
6315231,220000,AZN,2,74.0,16.0,True,Nərimanov,Bakı,2972.97
6483315,878000,AZN,5,231.0,3.0,False,Ağ şəhər,Bakı,3800.87
6338336,359000,AZN,2,117.2,7.0,True,Koroğlu,Bakı,3063.14
6410378,314000,AZN,3,96.4,11.0,False,Elmlər Akademiyası,Bakı,3257.26
6459373,192100,AZN,3,113.0,2.0,False,Masazır,Bakı,1700.0
6027988,417767,AZN,3,114.3,12.0,False,Nardaran,Bakı,3655.0
6325595,200000,AZN,1,53.0,1.0,False,Sea Breeze,Bakı,3773.58
6458022,77000,AZN,3,130.0,,True,Ramana,Bakı,592.31
6481970,765000,AZN,3,94.6,3.0,True,Ağ şəhər,Bakı,8086.68
6304442,330000,AZN,2,62.0,10.0,True,Nəriman Nərimanov,Bakı,5322.58
5976844,198016,AZN,1,58.3,1.0,False,Nardaran,Bakı,3396.5
6269294,317000,AZN,2,120.0,6.0,True,Nəsimi,Bakı,2641.67
6373602,380086,AZN,2,63.9,6.0,True,Nardaran,Bakı,5948.14
6404979,231925,AZN,1,38.4,5.0,True,Nardaran,Bakı,6039.71
6434317,330000,AZN,3,110.0,7.0,True,Şah İsmayıl Xətai,Bakı,3000.0
6439934,220000,AZN,3,74.0,5.0,True,Yasamal,Bakı,2972.97
6106492,352400,AZN,3,106.8,14.0,True,20 Yanvar,Bakı,3299.63
6330831,245000,AZN,2,98.0,6.0,True,İnşaatçılar,Bakı,2500.0
6431984,514080,AZN,2,112.0,2.0,False,Nardaran,Bakı,4590.0
5721807,563652,AZN,1,61.4,7.0,False,Nardaran,Bakı,9180.0
6438033,445000,AZN,3,108.0,3.0,True,Sahil,Bakı,4120.37
6471250,257000,AZN,2,59.0,6.0,True,Bakmil,Bakı,4355.93
6422616,119000,AZN,1,45.0,2.0,False,Sea Breeze,Bakı,2644.44
6454872,158000,AZN,2,68.0,15.0,True,Yeni Yasamal,Bakı,2323.53
5660026,398081,AZN,1,69.9,5.0,False,Nardaran,Bakı,5695.01
6475769,266000,AZN,3,120.0,16.0,True,İnşaatçılar,Bakı,2216.67
5657212,338564,AZN,2,78.1,2.0,False,Nardaran,Bakı,4335.01
6448372,285000,AZN,3,140.0,18.0,True,Sabunçu,Bakı,2035.71
5444207,414596,AZN,3,87.1,11.0,True,Sea Breeze,Bakı,4760.0
6329479,159900,AZN,4,145.0,,True,Yeni Ramana,Bakı,1102.76
6449124,159900,AZN,4,145.0,,True,Yeni Ramana,Bakı,1102.76
5475997,272000,AZN,1,55.4,1.0,False,Mərdəkan,Bakı,4909.75
5510791,527000,AZN,2,107.6,2.0,False,Mərdəkan,Bakı,4897.77
5506311,306000,AZN,1,62.0,2.0,False,Mərdəkan,Bakı,4935.48
5506321,1241000,AZN,3,218.7,6.0,False,Mərdəkan,Bakı,5674.44
5510774,714000,AZN,2,148.9,1.0,False,Mərdəkan,Bakı,4795.16
6197306,221540,AZN,2,58.3,8.0,True,Azadlıq Prospekti,Bakı,3800.0
5443970,272875,AZN,2,78.3,14.0,False,Sea Breeze,Bakı,3484.99
6373636,246379,AZN,1,39.2,9.0,True,Nardaran,Bakı,6285.18
6298742,655000,AZN,5,255.0,,True,Mərdəkan,Bakı,2568.63
6231295,345000,AZN,3,112.0,13.0,False,Nəriman Nərimanov,Bakı,3080.36
6181887,525000,AZN,4,175.9,10.0,True,Koroğlu,Bakı,2984.65
6181912,532840,AZN,4,190.3,3.0,True,Koroğlu,Bakı,2800.0
6181862,404955,AZN,2,120.9,4.0,True,Koroğlu,Bakı,3349.5
6181844,411989,AZN,2,123.0,3.0,True,Koroğlu,Bakı,3349.5
6181764,615420,AZN,3,237.0,3.0,True,Koroğlu,Bakı,2596.71
6181837,382848,AZN,2,114.3,3.0,True,Koroğlu,Bakı,3349.5
6181901,510000,AZN,4,194.2,5.0,True,Koroğlu,Bakı,2626.16
6476082,140000,AZN,2,100.6,9.0,False,Lökbatan,Bakı,1391.65
6451173,171999,AZN,3,54.5,1.0,True,20 Yanvar,Bakı,3155.94
6398928,227000,AZN,3,98.7,5.0,False,Bakıxanov,Bakı,2299.9
5443767,269748,AZN,1,57.7,18.0,False,Sea Breeze,Bakı,4675.01
6471952,190000,AZN,4,90.0,,True,Novxanı,Bakı,2111.11
4362132,686443,AZN,3,103.9,8.0,True,Ağ şəhər,Bakı,6606.77
4586280,661063,AZN,3,104.3,7.0,True,Ağ şəhər,Bakı,6338.09
6478273,175000,AZN,3,68.0,6.0,True,Yeni Günəşli,Bakı,2573.53
5516767,394944,AZN,2,70.4,7.0,False,Sea Breeze,Bakı,5610.0
6361615,160000,AZN,3,76.0,4.0,True,Bakıxanov,Bakı,2105.26
6478926,420000,AZN,4,118.0,,True,Mərdəkan,Bakı,3559.32
6426179,490000,AZN,7,170.0,,False,Nardaran,Bakı,2882.35
6471134,427000,AZN,3,106.7,2.0,True,Bakmil,Bakı,4001.87
6125777,330000,AZN,3,133.0,11.0,True,Sabunçu,Bakı,2481.2
5801307,268000,AZN,4,160.0,,True,Şüvəlan,Bakı,1675.0
6385898,565000,AZN,3,157.0,14.0,False,Ağ şəhər,Bakı,3598.73
6468078,190000,AZN,3,85.0,5.0,True,Əhmədli,Bakı,2235.29
5514370,465335,AZN,2,74.0,3.0,True,Sea Breeze,Bakı,6288.31
6400972,530000,AZN,4,200.0,11.0,True,28 May,Bakı,2650.0
6481513,285000,AZN,4,140.0,,True,Şüvəlan,Bakı,2035.71
6318991,460377,AZN,3,106.2,9.0,False,Nardaran,Bakı,4335.0
5697512,465000,AZN,3,120.0,17.0,True,Şah İsmayıl Xətai,Bakı,3875.0
6419114,230000,AZN,3,105.0,15.0,True,8-ci kilometr,Bakı,2190.48
6439945,124900,AZN,4,100.0,,True,Masazır,Bakı,1249.0
6440409,920000,AZN,4,220.0,16.0,False,Nəsimi,Bakı,4181.82
6476370,300000,AZN,4,148.9,13.0,False,Bakıxanov,Bakı,2014.78
6219375,215000,AZN,4,140.0,11.0,True,Bakıxanov,Bakı,1535.71
5505973,293046,AZN,2,101.4,2.0,False,Sea Breeze,Bakı,2890.0
6080553,855000,AZN,12,480.0,,True,Həzi Aslanov,Bakı,1781.25
6457018,350000,AZN,3,110.0,2.0,True,Bibiheybət,Bakı,3181.82
6201530,425000,AZN,3,129.0,12.0,False,Nərimanov,Bakı,3294.57
6147926,655000,AZN,4,198.0,6.0,True,28 May,Bakı,3308.08
5504076,467432,AZN,2,98.2,1.0,True,Sea Breeze,Bakı,4760.0
5934247,570000,AZN,6,375.6,,True,Şağan,Bakı,1517.57
6440367,740000,AZN,4,194.0,13.0,False,Nəsimi,Bakı,3814.43
6478372,397000,AZN,3,165.0,7.0,True,Nəsimi,Bakı,2406.06
6457009,179500,AZN,3,60.0,7.0,True,Memar Əcəmi,Bakı,2991.67
6349185,292000,AZN,3,69.0,2.0,True,Bakmil,Bakı,4231.88
6457922,218000,AZN,3,75.0,8.0,True,Xalqlar Dostluğu,Bakı,2906.67
6449762,369000,AZN,3,117.0,17.0,True,Nizami,Bakı,3153.85
6451963,399000,AZN,2,115.0,5.0,True,Xətai,Bakı,3469.57
5600151,424575,AZN,3,92.5,7.0,False,Sea Breeze,Bakı,4590.0
6462929,153000,AZN,2,50.0,5.0,True,İnşaatçılar,Bakı,3060.0
6454618,239000,AZN,4,148.0,,True,Mərdəkan,Bakı,1614.86
5742431,495000,AZN,3,135.0,5.0,False,Səbail,Bakı,3666.67
6459234,231200,AZN,5,136.0,1.0,False,Masazır,Bakı,1700.0
6007298,820000,AZN,4,195.0,7.0,True,28 May,Bakı,4205.13
6293273,298000,AZN,3,75.0,14.0,True,Yasamal,Bakı,3973.33
6011006,580000,AZN,4,175.0,6.0,True,8 Noyabr,Bakı,3314.29
5929571,128000,AZN,3,90.0,,True,Biləcəri,Bakı,1422.22
6473976,155000,AZN,4,133.5,,True,Qaraçuxur,Bakı,1161.05
6376359,294000,AZN,3,140.0,16.0,False,Xətai,Bakı,2100.0
5505198,386844,AZN,1,64.1,3.0,False,Sea Breeze,Bakı,6035.01
6481647,376000,AZN,3,115.0,9.0,False,Nəsimi,Bakı,3269.57
4586415,657974,AZN,3,103.8,8.0,True,Ağ şəhər,Bakı,6338.86
4585521,661685,AZN,3,104.0,8.0,True,Ağ şəhər,Bakı,6362.36
6358288,1480000,AZN,7,798.0,,True,Şüvəlan,Bakı,1854.64
6462079,134300,AZN,2,79.0,2.0,False,Masazır,Bakı,1700.0
6434081,650000,AZN,3,120.0,2.0,True,Şah İsmayıl Xətai,Bakı,5416.67
6437799,96000,AZN,2,62.0,1.0,True,Masazır,Bakı,1548.39
4451841,385917,AZN,2,96.6,7.0,False,Nardaran,Bakı,3995.0
6005770,89000,AZN,3,97.0,8.0,True,Ramana,Bakı,917.53
6478997,1799999,AZN,8,250.0,,True,Mərdəkan,Bakı,7200.0
6399404,229000,AZN,4,88.7,2.0,True,Əhmədli,Bakı,2581.74
6412492,258000,AZN,3,116.0,15.0,True,İnşaatçılar,Bakı,2224.14
6430327,288000,AZN,3,110.0,7.0,True,Əhmədli,Bakı,2618.18
6448882,315000,AZN,2,74.0,2.0,True,Sea Breeze,Bakı,4256.76
6448840,375000,AZN,2,74.0,4.0,True,Sea Breeze,Bakı,5067.57
6448858,229500,AZN,1,57.0,6.0,True,Sea Breeze,Bakı,4026.32
4207198,261361,AZN,2,84.31,7.0,False,Nərimanov,Bakı,3100.0
3740516,331040,AZN,2,103.45,10.0,False,Nərimanov,Bakı,3200.0
3740353,379254,AZN,3,122.34,6.0,False,Nərimanov,Bakı,3100.0
4360693,331040,AZN,3,103.45,11.0,False,Nərimanov,Bakı,3200.0
5909404,210000,AZN,1,57.0,2.0,False,Sea Breeze,Bakı,3684.21
6454273,73000,AZN,2,80.2,18.0,False,Yasamal,Bakı,910.22
6346006,410000,AZN,4,180.0,12.0,True,Həzi Aslanov,Bakı,2277.78
6456906,410000,AZN,3,143.0,5.0,True,Nəsimi,Bakı,2867.13
6309565,1080000,AZN,4,176.7,7.0,False,Ağ şəhər,Bakı,6112.05
6470025,155000,AZN,3,129.0,7.0,False,Lökbatan,Bakı,1201.55
6316749,188000,AZN,3,60.0,1.0,True,Memar Əcəmi,Bakı,3133.33
6448815,210000,AZN,1,60.0,3.0,True,Nardaran,Bakı,3500.0
6097835,293900,AZN,3,48.0,3.0,True,Sahil,Bakı,6122.92
6419384,917600,AZN,4,248.0,13.0,False,Nəsimi,Bakı,3700.0
6374947,1150000,AZN,4,258.0,12.0,False,Bayıl,Bakı,4457.36
6387453,156000,AZN,2,55.0,4.0,True,20 Yanvar,Bakı,2836.36
6405106,283560,AZN,2,69.5,8.0,False,Nardaran,Bakı,4080.0
6437297,270000,AZN,3,90.0,14.0,True,Şah İsmayıl Xətai,Bakı,3000.0
6299486,190513,AZN,2,40.9,9.0,False,Nardaran,Bakı,4658.02
6473254,159000,AZN,2,60.0,4.0,True,Yeni Günəşli,Bakı,2650.0
6467029,79500,AZN,1,30.0,4.0,True,Buzovna,Bakı,2650.0
6286872,200000,AZN,5,160.0,,True,Yeni Günəşli,Bakı,1250.0
6417678,290000,AZN,3,70.0,16.0,True,Nəriman Nərimanov,Bakı,4142.86
6299431,231608,AZN,1,52.4,7.0,False,Nardaran,Bakı,4420.0
6481456,173500,AZN,4,100.0,1.0,True,Əhmədli,Bakı,1735.0
6392222,233000,AZN,2,60.0,3.0,True,Elmlər Akademiyası,Bakı,3883.33
6428728,300000,AZN,3,96.0,15.0,True,20 Yanvar,Bakı,3125.0
6460654,313000,AZN,3,131.0,10.0,True,Nəsimi,Bakı,2389.31
6369753,265000,AZN,3,101.0,1.0,True,İnşaatçılar,Bakı,2623.76
6219925,161288,AZN,1,34.5,1.0,True,Nardaran,Bakı,4675.01
6370874,169000,AZN,2,80.0,1.0,True,İnşaatçılar,Bakı,2112.5
6349070,239000,AZN,2,94.0,10.0,True,20 Yanvar,Bakı,2542.55
6330852,223958,AZN,1,37.6,5.0,True,Nardaran,Bakı,5956.33
6426360,280000,AZN,2,69.0,3.0,False,Sea Breeze,Bakı,4057.97
6465893,128000,AZN,1,30.0,4.0,True,Sea Breeze,Bakı,4266.67
6220943,453700,AZN,2,69.3,12.0,False,Nardaran,Bakı,6546.9
6472938,379500,AZN,4,175.0,5.0,True,Memar Əcəmi,Bakı,2168.57
6472784,325000,AZN,3,110.0,11.0,False,Azadlıq Prospekti,Bakı,2954.55
6481266,315000,AZN,4,110.0,4.0,True,Səbail,Bakı,2863.64
6234202,650643,AZN,2,90.9,11.0,True,Nardaran,Bakı,7157.79
6467280,145000,AZN,3,67.0,7.0,True,Hövsan,Bakı,2164.18
6478451,145000,AZN,2,67.0,6.0,True,Saray,Bakı,2164.18
6034487,291312,AZN,2,61.2,25.0,False,Nardaran,Bakı,4760.0
6484346,127000,AZN,4,140.0,,True,Binə,Bakı,907.14
6379958,62000,AZN,3,60.0,,True,Hökməli,Bakı,1033.33
5870639,330000,AZN,3,93.0,14.0,True,İnşaatçılar,Bakı,3548.39
6287857,2975000,AZN,8,510.0,,True,Gənclik,Bakı,5833.33
3760528,247500,AZN,1,55.0,15.0,True,Nəsimi,Bakı,4500.0
5805433,431340,AZN,3,102.7,11.0,True,Nəsimi,Bakı,4200.0
6102920,298000,AZN,4,103.0,4.0,True,Nəriman Nərimanov,Bakı,2893.2
6304815,268000,AZN,2,84.0,8.0,True,Nəriman Nərimanov,Bakı,3190.48
6461851,168000,AZN,3,102.0,8.0,True,Abşeron,Xırdalan,1647.06
6034177,250512,AZN,2,73.7,1.0,False,Nardaran,Bakı,3399.08
6323014,132500,AZN,2,77.8,9.0,False,Lökbatan,Bakı,1703.08
6475590,700000,AZN,5,300.0,12.0,True,İçəri Şəhər,Bakı,2333.33
6339379,324000,AZN,2,82.0,7.0,True,Dərnəgül,Bakı,3951.22
6451466,175000,AZN,3,115.0,2.0,False,Buzovna,Bakı,1521.74
6478382,198000,AZN,2,90.0,10.0,False,Biləcəri,Bakı,2200.0
5906152,1140000,AZN,2,98.0,18.0,False,Nəsimi,Bakı,11632.65
6431998,285940,AZN,1,58.0,7.0,False,Nardaran,Bakı,4930.0
6408290,213000,AZN,3,105.0,6.0,True,Əhmədli,Bakı,2028.57
5951405,378000,AZN,2,96.0,4.0,True,Bayıl,Bakı,3937.5
6481383,236000,AZN,3,85.0,3.0,True,Nəriman Nərimanov,Bakı,2776.47
5670536,547613,AZN,2,85.9,2.0,True,Nardaran,Bakı,6375.01
6214597,280000,AZN,3,125.0,12.0,True,Badamdar,Bakı,2240.0
6473615,117000,AZN,2,60.0,3.0,False,İnşaatçılar,Bakı,1950.0
6432955,130000,AZN,2,35.0,2.0,True,28 May,Bakı,3714.29
5663441,219555,AZN,1,41.0,2.0,False,Nardaran,Bakı,5355.0
6221479,98000,AZN,3,100.0,,True,Kürdəxanı,Bakı,980.0
5516597,557878,AZN,4,210.5,6.0,False,Koroğlu,Bakı,2650.25
5519918,197315,AZN,1,58.9,14.0,False,Koroğlu,Bakı,3350.0
6216837,428782,AZN,3,145.0,14.0,False,Koroğlu,Bakı,2957.12
6213147,578930,AZN,4,210.0,13.0,False,Koroğlu,Bakı,2756.81
5657189,229322,AZN,1,52.9,3.0,False,Nardaran,Bakı,4335.01
5517040,406980,AZN,3,145.3,4.0,False,Koroğlu,Bakı,2800.96
4387445,656180,AZN,4,187.48,14.0,False,28 May,Bakı,3500.0
4984526,388480,AZN,3,121.4,14.0,False,28 May,Bakı,3200.0
4387430,472150,AZN,3,134.9,13.0,False,28 May,Bakı,3500.0
4387394,381045,AZN,3,108.87,13.0,False,28 May,Bakı,3500.0
5880278,708000,AZN,4,236.0,7.0,False,28 May,Bakı,3000.0
5730631,521400,AZN,3,173.8,5.0,False,28 May,Bakı,3000.0
6212855,568404,AZN,4,210.0,9.0,False,Koroğlu,Bakı,2706.69
6212874,578930,AZN,4,210.0,10.0,False,Koroğlu,Bakı,2756.81
5771556,400000,AZN,3,135.0,11.0,False,Şah İsmayıl Xətai,Bakı,2962.96
6425529,162000,AZN,2,60.0,16.0,True,Memar Əcəmi,Bakı,2700.0
5724754,205264,AZN,1,47.4,1.0,True,Nardaran,Bakı,4330.46
6234031,354984,AZN,3,127.0,4.0,False,Koroğlu,Bakı,2795.15
6477935,598000,AZN,4,290.0,17.0,True,İnşaatçılar,Bakı,2062.07
6139670,428782,AZN,3,145.3,15.0,False,Koroğlu,Bakı,2951.01
6476011,165000,AZN,1,45.0,5.0,True,Gənclik,Bakı,3666.67
6212827,568404,AZN,4,210.0,8.0,False,Koroğlu,Bakı,2706.69
5443920,308448,AZN,2,100.8,6.0,False,Sea Breeze,Bakı,3060.0
6451497,344640,AZN,3,107.7,9.0,False,Azadlıq Prospekti,Bakı,3200.0
6398944,289000,AZN,3,88.0,12.0,True,Həzi Aslanov,Bakı,3284.09
5443739,290955,AZN,2,81.5,9.0,False,Sea Breeze,Bakı,3570.0
6267006,375000,AZN,2,68.0,10.0,True,Şah İsmayıl Xətai,Bakı,5514.71
5516616,259080,AZN,1,50.8,3.0,False,Sea Breeze,Bakı,5100.0
6325381,159500,AZN,6,240.0,,True,Kürdəxanı,Bakı,664.58
5514453,639520,AZN,2,129.8,5.0,False,Sea Breeze,Bakı,4926.96
5717428,344640,AZN,3,107.7,8.0,False,Azadlıq Prospekti,Bakı,3200.0
6147822,333870,AZN,3,107.7,5.0,False,Azadlıq Prospekti,Bakı,3100.0
6148461,341000,AZN,3,110.0,3.0,False,Azadlıq Prospekti,Bakı,3100.0
6202455,341000,AZN,3,110.0,6.0,False,Azadlıq Prospekti,Bakı,3100.0
6426070,540000,AZN,3,159.0,12.0,True,8 Noyabr,Bakı,3396.23
6419961,580000,AZN,7,450.0,,True,Badamdar,Bakı,1288.89
5721965,63000,AZN,4,108.0,,True,Novxanı,Bakı,583.33
6311887,420000,AZN,4,145.0,3.0,True,İçəri Şəhər,Bakı,2896.55
6082899,322000,AZN,3,100.0,12.0,True,Elmlər Akademiyası,Bakı,3220.0
6445134,130000,AZN,2,60.0,2.0,False,Köhnə Günəşli,Bakı,2166.67
6474015,117000,AZN,3,138.0,,True,Hövsan,Bakı,847.83
5404076,355000,AZN,3,110.0,14.0,True,Nizami,Bakı,3227.27
6321635,387000,AZN,2,85.0,9.0,True,Şah İsmayıl Xətai,Bakı,4552.94
6463148,146000,AZN,4,81.7,5.0,True,Buzovna,Bakı,1787.03
6481111,255000,AZN,2,78.0,10.0,True,Nəsimi,Bakı,3269.23
6414716,429000,AZN,3,106.0,13.0,True,Nəriman Nərimanov,Bakı,4047.17
6318995,476339,AZN,4,134.1,3.0,False,Nardaran,Bakı,3552.12
6395966,120000,AZN,3,68.0,2.0,True,Masazır,Bakı,1764.71
6059886,450000,AZN,4,184.0,14.0,False,Nəriman Nərimanov,Bakı,2445.65
5642771,142560,AZN,4,105.6,7.0,False,Məmmədli,Bakı,1350.0
6223302,755000,AZN,4,185.0,5.0,True,Elmlər Akademiyası,Bakı,4081.08
6157412,877000,AZN,5,320.0,,True,Bilgəh,Bakı,2740.62
4967505,244755,AZN,3,90.6,6.0,False,Dərnəgül,Bakı,2701.49
4965966,229880,AZN,2,82.1,8.0,False,Dərnəgül,Bakı,2800.0
4967529,282750,AZN,3,113.1,4.0,False,Dərnəgül,Bakı,2500.0
6297859,295000,AZN,3,134.0,10.0,True,Əhmədli,Bakı,2201.49
5047064,909500,AZN,5,267.5,11.0,False,Nizami,Bakı,3400.0
5873323,2539300,AZN,5,379.0,7.0,False,Bayıl,Bakı,6700.0
6358629,282278,AZN,2,64.0,4.0,False,Sea Breeze,Bakı,4410.59
6307508,230000,AZN,4,130.0,,True,Şüvəlan,Bakı,1769.23
6284004,285000,AZN,4,155.0,,True,Şüvəlan,Bakı,1838.71
5646814,1132380,AZN,4,251.6,4.0,True,Şah İsmayıl Xətai,Bakı,4500.72
